Day,Power factor,Effect,DC savings $,AC savings $,AC minus DC savings $,Benefit erosion %,Status,Day economics reliable,Selection Reason,Mean Demand MW,Daily Demand MWh,Daily model VRE availability MWh,Selection context VRE availability MWh,Daily Native Congestion Cost $,Maximum Hourly Congestion Cost $/h
2020-01-05,1.0,Flexibility on original network,13260.115901842248,12538.799845380592,-721.3160564616555,5.439741717200541,Positive = erosion; negative = amplification,True,2020-01 minimum mean-demand day,3485.6776177166666,83656.2628252,57572.7,52772.7,61940.575784487286,7468.8501858457985
2020-01-05,1.0,Flexibility on upgraded network,11888.650595900486,11687.916332768977,-200.7342631315114,1.6884528779130714,Positive = erosion; negative = amplification,True,2020-01 minimum mean-demand day,3485.6776177166666,83656.2628252,57572.7,52772.7,61940.575784487286,7468.8501858457985
2020-01-05,1.0,Reconductoring with inflexible load,39111.60238253628,35113.65232229873,-3997.950060237548,10.221903007539968,Positive = erosion; negative = amplification,True,2020-01 minimum mean-demand day,3485.6776177166666,83656.2628252,57572.7,52772.7,61940.575784487286,7468.8501858457985
2020-01-05,1.0,Reconductoring with flexible load,37740.13707659452,34262.76880968711,-3477.368266907404,9.21397889957316,Positive = erosion; negative = amplification,True,2020-01 minimum mean-demand day,3485.6776177166666,83656.2628252,57572.7,52772.7,61940.575784487286,7468.8501858457985
2020-01-05,1.0,Combined intervention,51000.252978436765,46801.568655067706,-4198.68432336906,8.232673522510348,Positive = erosion; negative = amplification,True,2020-01 minimum mean-demand day,3485.6776177166666,83656.2628252,57572.7,52772.7,61940.575784487286,7468.8501858457985
2020-01-05,1.0,Combined-savings interaction,-1371.4653059417617,-850.8835126116173,520.5817933301441,,Signed: positive complementarity; negative substitution,True,2020-01 minimum mean-demand day,3485.6776177166666,83656.2628252,57572.7,52772.7,61940.575784487286,7468.8501858457985
2020-01-14,1.0,Flexibility on original network,11586.267690816312,10559.921157841454,-1026.3465329748578,8.858301571854554,Positive = erosion; negative = amplification,True,2020-01 maximum mean-demand day,4059.9593147083337,97439.023553,62166.7,57366.7,66291.63847398394,7921.546031062513
2020-01-14,1.0,Flexibility on upgraded network,10993.169384600244,11303.153925009072,309.98454040882643,-2.8197922688525834,Positive = erosion; negative = amplification,True,2020-01 maximum mean-demand day,4059.9593147083337,97439.023553,62166.7,57366.7,66291.63847398394,7921.546031062513
2020-01-14,1.0,Reconductoring with inflexible load,38879.00353799423,36661.789452304016,-2217.2140856902115,5.702857285227115,Positive = erosion; negative = amplification,True,2020-01 maximum mean-demand day,4059.9593147083337,97439.023553,62166.7,57366.7,66291.63847398394,7921.546031062513
2020-01-14,1.0,Reconductoring with flexible load,38285.90523177816,37405.02221947163,-880.8830123065272,2.3008023630988195,Positive = erosion; negative = amplification,True,2020-01 maximum mean-demand day,4059.9593147083337,97439.023553,62166.7,57366.7,66291.63847398394,7921.546031062513
2020-01-14,1.0,Combined intervention,49872.17292259447,47964.94337731309,-1907.229545281385,3.824235908552765,Positive = erosion; negative = amplification,True,2020-01 maximum mean-demand day,4059.9593147083337,97439.023553,62166.7,57366.7,66291.63847398394,7921.546031062513
2020-01-14,1.0,Combined-savings interaction,-593.0983062160667,743.2327671676176,1336.3310733836845,,Signed: positive complementarity; negative substitution,True,2020-01 maximum mean-demand day,4059.9593147083337,97439.023553,62166.7,57366.7,66291.63847398394,7921.546031062513
2020-01-29,1.0,Flexibility on original network,14784.271529543796,14464.011912082671,-320.25961746112444,2.1662184492562964,Positive = erosion; negative = amplification,True,Annual maximum VRE-availability day,3814.837396704166,91556.09752089999,77950.0,73150.0,103652.25342555309,9370.145624042536
2020-01-29,1.0,Flexibility on upgraded network,13946.369388000749,13741.237984929292,-205.1314030714566,1.4708588118134025,Positive = erosion; negative = amplification,True,Annual maximum VRE-availability day,3814.837396704166,91556.09752089999,77950.0,73150.0,103652.25342555309,9370.145624042536
2020-01-29,1.0,Reconductoring with inflexible load,78964.64491423598,74734.55583251931,-4230.0890817166655,5.356940547647615,Positive = erosion; negative = amplification,True,Annual maximum VRE-availability day,3814.837396704166,91556.09752089999,77950.0,73150.0,103652.25342555309,9370.145624042536
2020-01-29,1.0,Reconductoring with flexible load,78126.74277269293,74011.78190536593,-4114.960867326998,5.267032415903139,Positive = erosion; negative = amplification,True,Annual maximum VRE-availability day,3814.837396704166,91556.09752089999,77950.0,73150.0,103652.25342555309,9370.145624042536
2020-01-29,1.0,Combined intervention,92911.01430223673,88475.7938174486,-4435.220484788122,4.773621855381416,Positive = erosion; negative = amplification,True,Annual maximum VRE-availability day,3814.837396704166,91556.09752089999,77950.0,73150.0,103652.25342555309,9370.145624042536
2020-01-29,1.0,Combined-savings interaction,-837.9021415431052,-722.7739271533792,115.12821438972604,,Signed: positive complementarity; negative substitution,True,Annual maximum VRE-availability day,3814.837396704166,91556.09752089999,77950.0,73150.0,103652.25342555309,9370.145624042536
2020-02-14,1.0,Flexibility on original network,686.699442916899,1652.5190090694232,965.8195661525242,-140.64662147532908,Positive = erosion; negative = amplification,True,Annual maximum daily-congestion-cost day,3813.932650620833,91534.3836149,51218.299999999996,46418.3,188781.30305950443,9285.59847358906
2020-02-14,1.0,Flexibility on upgraded network,946.3951595857508,1012.5791971881408,66.18403760239016,-6.993277272398535,Positive = erosion; negative = amplification,True,Annual maximum daily-congestion-cost day,3813.932650620833,91534.3836149,51218.299999999996,46418.3,188781.30305950443,9285.59847358906
2020-02-14,1.0,Reconductoring with inflexible load,138254.06473588815,130046.6261204076,-8207.438615480554,5.936489918874743,Positive = erosion; negative = amplification,True,Annual maximum daily-congestion-cost day,3813.932650620833,91534.3836149,51218.299999999996,46418.3,188781.30305950443,9285.59847358906
2020-02-14,1.0,Reconductoring with flexible load,138513.760452557,129406.68630852632,-9107.074144030688,6.57485156296077,Positive = erosion; negative = amplification,True,Annual maximum daily-congestion-cost day,3813.932650620833,91534.3836149,51218.299999999996,46418.3,188781.30305950443,9285.59847358906
2020-02-14,1.0,Combined intervention,139200.4598954739,131059.20531759574,-8141.254577878164,5.8485831038140645,Positive = erosion; negative = amplification,True,Annual maximum daily-congestion-cost day,3813.932650620833,91534.3836149,51218.299999999996,46418.3,188781.30305950443,9285.59847358906
2020-02-14,1.0,Combined-savings interaction,259.6957166688517,-639.939811881166,-899.6355285500176,,Signed: positive complementarity; negative substitution,True,Annual maximum daily-congestion-cost day,3813.932650620833,91534.3836149,51218.299999999996,46418.3,188781.30305950443,9285.59847358906
2020-02-18,1.0,Flexibility on original network,12921.19976253633,12689.403917030317,-231.7958455060143,1.793918906648917,Positive = erosion; negative = amplification,True,2020-02 maximum mean-demand day,3910.6598511041666,93855.8364265,69249.0,64449.0,48173.050942518676,9052.379737573458
2020-02-18,1.0,Flexibility on upgraded network,11259.577112920231,11095.441359226126,-164.13575369410682,1.4577435018031215,Positive = erosion; negative = amplification,True,2020-02 maximum mean-demand day,3910.6598511041666,93855.8364265,69249.0,64449.0,48173.050942518676,9052.379737573458
2020-02-18,1.0,Reconductoring with inflexible load,30509.445777376764,28173.286861671484,-2336.1589157052804,7.657166022457151,Positive = erosion; negative = amplification,True,2020-02 maximum mean-demand day,3910.6598511041666,93855.8364265,69249.0,64449.0,48173.050942518676,9052.379737573458
2020-02-18,1.0,Reconductoring with flexible load,28847.82312776067,26579.324303867295,-2268.498823893373,7.863674197691417,Positive = erosion; negative = amplification,True,2020-02 maximum mean-demand day,3910.6598511041666,93855.8364265,69249.0,64449.0,48173.050942518676,9052.379737573458
2020-02-18,1.0,Combined intervention,41769.022890297,39268.72822089761,-2500.294669399387,5.986002296405668,Positive = erosion; negative = amplification,True,2020-02 maximum mean-demand day,3910.6598511041666,93855.8364265,69249.0,64449.0,48173.050942518676,9052.379737573458
2020-02-18,1.0,Combined-savings interaction,-1661.6226496160962,-1593.9625578041887,67.66009181190748,,Signed: positive complementarity; negative substitution,True,2020-02 maximum mean-demand day,3910.6598511041666,93855.8364265,69249.0,64449.0,48173.050942518676,9052.379737573458
2020-02-23,1.0,Flexibility on original network,4132.948300027521,3868.13597497216,-264.8123250553617,6.4073466646945025,Positive = erosion; negative = amplification,True,2020-02 minimum mean-demand day,3373.2794298291665,80958.7063159,41703.0,36903.0,7712.634688170349,6485.949781971398
2020-02-23,1.0,Flexibility on upgraded network,4086.7467409292,3752.538791083265,-334.2079498459352,8.177848323675342,Positive = erosion; negative = amplification,True,2020-02 minimum mean-demand day,3373.2794298291665,80958.7063159,41703.0,36903.0,7712.634688170349,6485.949781971398
2020-02-23,1.0,Reconductoring with inflexible load,5541.20999996399,5268.417115373188,-272.7928845908027,4.9229840520856545,Positive = erosion; negative = amplification,True,2020-02 minimum mean-demand day,3373.2794298291665,80958.7063159,41703.0,36903.0,7712.634688170349,6485.949781971398
2020-02-23,1.0,Reconductoring with flexible load,5495.008440865669,5152.819931484293,-342.1885093813762,6.227260850712524,Positive = erosion; negative = amplification,True,2020-02 minimum mean-demand day,3373.2794298291665,80958.7063159,41703.0,36903.0,7712.634688170349,6485.949781971398
2020-02-23,1.0,Combined intervention,9627.95674089319,9020.955906456453,-607.0008344367379,6.304565452175326,Positive = erosion; negative = amplification,True,2020-02 minimum mean-demand day,3373.2794298291665,80958.7063159,41703.0,36903.0,7712.634688170349,6485.949781971398
2020-02-23,1.0,Combined-savings interaction,-46.20155909843743,-115.5971838888945,-69.39562479045708,,Signed: positive complementarity; negative substitution,True,2020-02 minimum mean-demand day,3373.2794298291665,80958.7063159,41703.0,36903.0,7712.634688170349,6485.949781971398
2020-03-16,1.0,Flexibility on original network,2628.641400598688,2930.107079786947,301.46567918825895,-11.468497723561622,Positive = erosion; negative = amplification,True,2020-03 maximum mean-demand day,3844.5404870375,92268.9716889,32020.200000000004,27220.200000000004,343.93420324164435,112.43182370052091
2020-03-16,1.0,Flexibility on upgraded network,2628.641400598688,2930.107079892885,301.4656792941969,-11.468497727591776,Positive = erosion; negative = amplification,True,2020-03 maximum mean-demand day,3844.5404870375,92268.9716889,32020.200000000004,27220.200000000004,343.93420324164435,112.43182370052091
2020-03-16,1.0,Reconductoring with inflexible load,0.0,1.4598481357097628e-07,1.4598481357097628e-07,,Undefined: negligible/nonpositive DC benefit,True,2020-03 maximum mean-demand day,3844.5404870375,92268.9716889,32020.200000000004,27220.200000000004,343.93420324164435,112.43182370052091
2020-03-16,1.0,Reconductoring with flexible load,0.0,2.51922756433487e-07,2.51922756433487e-07,,Undefined: negligible/nonpositive DC benefit,True,2020-03 maximum mean-demand day,3844.5404870375,92268.9716889,32020.200000000004,27220.200000000004,343.93420324164435,112.43182370052091
2020-03-16,1.0,Combined intervention,2628.641400598688,2930.1070800388698,301.4656794401817,-11.468497733145377,Positive = erosion; negative = amplification,True,2020-03 maximum mean-demand day,3844.5404870375,92268.9716889,32020.200000000004,27220.200000000004,343.93420324164435,112.43182370052091
2020-03-16,1.0,Combined-savings interaction,2.3283064365386963e-10,1.059379428625107e-07,1.0570511221885681e-07,,Signed: positive complementarity; negative substitution,True,2020-03 maximum mean-demand day,3844.5404870375,92268.9716889,32020.200000000004,27220.200000000004,343.93420324164435,112.43182370052091
2020-03-29,1.0,Flexibility on original network,14438.039723165277,15299.22768354992,861.1879603846464,-5.964715272274135,Positive = erosion; negative = amplification,True,2020-03 minimum mean-demand day; Annual minimum mean-demand day,3265.3773705500003,78369.0568932,55167.100000000006,50367.100000000006,8207.351311872655,2483.9085326621844
2020-03-29,1.0,Flexibility on upgraded network,12593.94275742286,14071.422299182392,1477.4795417595303,-11.731667915424705,Positive = erosion; negative = amplification,True,2020-03 minimum mean-demand day; Annual minimum mean-demand day,3265.3773705500003,78369.0568932,55167.100000000006,50367.100000000006,8207.351311872655,2483.9085326621844
2020-03-29,1.0,Reconductoring with inflexible load,14131.468251584098,18022.814996605797,3891.346745021699,-27.536747602893215,Positive = erosion; negative = amplification,True,2020-03 minimum mean-demand day; Annual minimum mean-demand day,3265.3773705500003,78369.0568932,55167.100000000006,50367.100000000006,8207.351311872655,2483.9085326621844
2020-03-29,1.0,Reconductoring with flexible load,12287.371285841684,16795.009612238267,4507.638326396584,-36.68513160004028,Positive = erosion; negative = amplification,True,2020-03 minimum mean-demand day; Annual minimum mean-demand day,3265.3773705500003,78369.0568932,55167.100000000006,50367.100000000006,8207.351311872655,2483.9085326621844
2020-03-29,1.0,Combined intervention,26725.41100900696,32094.23729578819,5368.82628678123,-20.088844601760613,Positive = erosion; negative = amplification,True,2020-03 minimum mean-demand day; Annual minimum mean-demand day,3265.3773705500003,78369.0568932,55167.100000000006,50367.100000000006,8207.351311872655,2483.9085326621844
2020-03-29,1.0,Combined-savings interaction,-1844.0969657423557,-1227.8053843675298,616.2915813748259,,Signed: positive complementarity; negative substitution,True,2020-03 minimum mean-demand day; Annual minimum mean-demand day,3265.3773705500003,78369.0568932,55167.100000000006,50367.100000000006,8207.351311872655,2483.9085326621844
2020-04-05,1.0,Flexibility on original network,6832.073404886993,8037.402981745428,1205.3295768584358,-17.642222286374466,Positive = erosion; negative = amplification,True,2020-04 minimum mean-demand day,3326.2146264000003,79829.1510336,36768.3,31968.299999999996,748.7153782867799,378.32318918385135
2020-04-05,1.0,Flexibility on upgraded network,6832.073404886993,8037.402981734136,1205.3295768471437,-17.642222286209176,Positive = erosion; negative = amplification,True,2020-04 minimum mean-demand day,3326.2146264000003,79829.1510336,36768.3,31968.299999999996,748.7153782867799,378.32318918385135
2020-04-05,1.0,Reconductoring with inflexible load,0.0,4.508765414357186e-07,4.508765414357186e-07,,Undefined: negligible/nonpositive DC benefit,True,2020-04 minimum mean-demand day,3326.2146264000003,79829.1510336,36768.3,31968.299999999996,748.7153782867799,378.32318918385135
2020-04-05,1.0,Reconductoring with flexible load,0.0,4.3958425521850586e-07,4.3958425521850586e-07,,Undefined: negligible/nonpositive DC benefit,True,2020-04 minimum mean-demand day,3326.2146264000003,79829.1510336,36768.3,31968.299999999996,748.7153782867799,378.32318918385135
2020-04-05,1.0,Combined intervention,6832.073404886993,8037.402982185013,1205.32957729802,-17.642222292808583,Positive = erosion; negative = amplification,True,2020-04 minimum mean-demand day,3326.2146264000003,79829.1510336,36768.3,31968.299999999996,748.7153782867799,378.32318918385135
2020-04-05,1.0,Combined-savings interaction,0.0,-1.1292286217212677e-08,-1.1292286217212677e-08,,Signed: positive complementarity; negative substitution,True,2020-04 minimum mean-demand day,3326.2146264000003,79829.1510336,36768.3,31968.299999999996,748.7153782867799,378.32318918385135
2020-04-16,1.0,Flexibility on original network,12744.155517492907,12268.325018500094,-475.8304989928147,3.733715414408423,Positive = erosion; negative = amplification,True,2020-04 maximum mean-demand day,4129.824963170834,99115.79911610001,55851.59999999999,51051.6,43080.52206126436,5760.236218198697
2020-04-16,1.0,Flexibility on upgraded network,9511.56788805104,8914.571364131407,-596.9965239196317,6.2765311770482395,Positive = erosion; negative = amplification,True,2020-04 maximum mean-demand day,4129.824963170834,99115.79911610001,55851.59999999999,51051.6,43080.52206126436,5760.236218198697
2020-04-16,1.0,Reconductoring with inflexible load,54062.17633599986,52178.25803856016,-1883.9182974396972,3.48472522772858,Positive = erosion; negative = amplification,True,2020-04 maximum mean-demand day,4129.824963170834,99115.79911610001,55851.59999999999,51051.6,43080.52206126436,5760.236218198697
2020-04-16,1.0,Reconductoring with flexible load,50829.58870655799,48824.504384191474,-2005.0843223665145,3.944718762022603,Positive = erosion; negative = amplification,True,2020-04 maximum mean-demand day,4129.824963170834,99115.79911610001,55851.59999999999,51051.6,43080.52206126436,5760.236218198697
2020-04-16,1.0,Combined intervention,63573.7442240509,61092.82940269157,-2480.914821359329,3.9024204907861297,Positive = erosion; negative = amplification,True,2020-04 maximum mean-demand day,4129.824963170834,99115.79911610001,55851.59999999999,51051.6,43080.52206126436,5760.236218198697
2020-04-16,1.0,Combined-savings interaction,-3232.587629441987,-3353.753654368804,-121.16602492681704,,Signed: positive complementarity; negative substitution,True,2020-04 maximum mean-demand day,4129.824963170834,99115.79911610001,55851.59999999999,51051.6,43080.52206126436,5760.236218198697
2020-05-22,1.0,Flexibility on original network,3923.123334687669,5301.670809109695,1378.5474744220264,-35.13902971729479,Positive = erosion; negative = amplification,True,2020-05 maximum mean-demand day,4965.229746291666,119165.51391099999,42235.0,37435.0,3503.378835793752,2077.045782481742
2020-05-22,1.0,Flexibility on upgraded network,2259.7096343948506,3422.886607880937,1163.1769734860864,-51.47462115403976,Positive = erosion; negative = amplification,True,2020-05 maximum mean-demand day,4965.229746291666,119165.51391099999,42235.0,37435.0,3503.378835793752,2077.045782481742
2020-05-22,1.0,Reconductoring with inflexible load,8223.546691322466,8302.499528961256,78.95283763878979,-0.9600825605100782,Positive = erosion; negative = amplification,True,2020-05 maximum mean-demand day,4965.229746291666,119165.51391099999,42235.0,37435.0,3503.378835793752,2077.045782481742
2020-05-22,1.0,Reconductoring with flexible load,6560.132991029648,6423.715327732498,-136.41766329715028,2.079495392603903,Positive = erosion; negative = amplification,True,2020-05 maximum mean-demand day,4965.229746291666,119165.51391099999,42235.0,37435.0,3503.378835793752,2077.045782481742
2020-05-22,1.0,Combined intervention,10483.256325717315,11725.386136842191,1242.129811124876,-11.848702087706364,Positive = erosion; negative = amplification,True,2020-05 maximum mean-demand day,4965.229746291666,119165.51391099999,42235.0,37435.0,3503.378835793752,2077.045782481742
2020-05-22,1.0,Combined-savings interaction,-1663.413700293051,-1878.7842012287583,-215.37050093570724,,Signed: positive complementarity; negative substitution,True,2020-05 maximum mean-demand day,4965.229746291666,119165.51391099999,42235.0,37435.0,3503.378835793752,2077.045782481742
2020-05-31,1.0,Flexibility on original network,17144.08370377618,16711.997274124413,-432.0864296517684,2.52032384534262,Positive = erosion; negative = amplification,True,2020-05 minimum mean-demand day,3615.8109679541667,86779.4632309,65414.1,60614.100000000006,15492.458036600066,3956.7693465836755
2020-05-31,1.0,Flexibility on upgraded network,11378.792930963158,12723.855706347444,1345.0627753842855,-11.82078611980184,Positive = erosion; negative = amplification,True,2020-05 minimum mean-demand day,3615.8109679541667,86779.4632309,65414.1,60614.100000000006,15492.458036600066,3956.7693465836755
2020-05-31,1.0,Reconductoring with inflexible load,26715.280350869056,27650.576154871203,935.2958040021476,-3.500976937985678,Positive = erosion; negative = amplification,True,2020-05 minimum mean-demand day,3615.8109679541667,86779.4632309,65414.1,60614.100000000006,15492.458036600066,3956.7693465836755
2020-05-31,1.0,Reconductoring with flexible load,20949.989578056033,23662.43458709423,2712.4450090382015,-12.947237987551752,Positive = erosion; negative = amplification,True,2020-05 minimum mean-demand day,3615.8109679541667,86779.4632309,65414.1,60614.100000000006,15492.458036600066,3956.7693465836755
2020-05-31,1.0,Combined intervention,38094.073281832214,40374.43186121865,2280.358579386433,-5.986124304732665,Positive = erosion; negative = amplification,True,2020-05 minimum mean-demand day,3615.8109679541667,86779.4632309,65414.1,60614.100000000006,15492.458036600066,3956.7693465836755
2020-05-31,1.0,Combined-savings interaction,-5765.290772812965,-3988.141567776911,1777.149205036054,,Signed: positive complementarity; negative substitution,True,2020-05 minimum mean-demand day,3615.8109679541667,86779.4632309,65414.1,60614.100000000006,15492.458036600066,3956.7693465836755
2020-06-01,1.0,Flexibility on original network,9073.03724796651,9649.211749427252,576.1745014607441,-6.350403792179726,Positive = erosion; negative = amplification,True,2020-06 minimum mean-demand day,3625.8937978416666,87021.4511482,44246.5,39446.5,549.1310951108978,160.92123599662983
2020-06-01,1.0,Flexibility on upgraded network,8200.449559241883,8668.457541070413,468.0079818285303,-5.707101524709546,Positive = erosion; negative = amplification,True,2020-06 minimum mean-demand day,3625.8937978416666,87021.4511482,44246.5,39446.5,549.1310951108978,160.92123599662983
2020-06-01,1.0,Reconductoring with inflexible load,1485.6431357924594,1700.9147833636962,215.27164757123683,-14.490131740581734,Positive = erosion; negative = amplification,True,2020-06 minimum mean-demand day,3625.8937978416666,87021.4511482,44246.5,39446.5,549.1310951108978,160.92123599662983
2020-06-01,1.0,Reconductoring with flexible load,613.0554470678326,720.1605750068557,107.10512793902308,-17.470708147410406,Positive = erosion; negative = amplification,True,2020-06 minimum mean-demand day,3625.8937978416666,87021.4511482,44246.5,39446.5,549.1310951108978,160.92123599662983
2020-06-01,1.0,Combined intervention,9686.092695034342,10369.372324434107,683.2796293997671,-7.054233847566382,Positive = erosion; negative = amplification,True,2020-06 minimum mean-demand day,3625.8937978416666,87021.4511482,44246.5,39446.5,549.1310951108978,160.92123599662983
2020-06-01,1.0,Combined-savings interaction,-872.5876887247432,-980.7542083568404,-108.16651963209732,,Signed: positive complementarity; negative substitution,True,2020-06 minimum mean-demand day,3625.8937978416666,87021.4511482,44246.5,39446.5,549.1310951108978,160.92123599662983
2020-06-07,1.0,Flexibility on original network,9380.454093658363,8725.199971969705,-655.2541216886602,6.985313452273523,Positive = erosion; negative = amplification,True,Day containing annual peak hourly congestion,5068.606201416666,121646.548834,55984.899999999994,51184.899999999994,99246.99234609082,17976.037646579785
2020-06-07,1.0,Flexibility on upgraded network,9592.77092601196,10094.566692632856,501.7957666208968,-5.23097831159729,Positive = erosion; negative = amplification,True,Day containing annual peak hourly congestion,5068.606201416666,121646.548834,55984.899999999994,51184.899999999994,99246.99234609082,17976.037646579785
2020-06-07,1.0,Reconductoring with inflexible load,16887.49487875565,17017.27534851432,129.78046975866891,-0.7685004240737481,Positive = erosion; negative = amplification,True,Day containing annual peak hourly congestion,5068.606201416666,121646.548834,55984.899999999994,51184.899999999994,99246.99234609082,17976.037646579785
2020-06-07,1.0,Reconductoring with flexible load,17099.811711109243,18386.64206917747,1286.830358068226,-7.525406593993145,Positive = erosion; negative = amplification,True,Day containing annual peak hourly congestion,5068.606201416666,121646.548834,55984.899999999994,51184.899999999994,99246.99234609082,17976.037646579785
2020-06-07,1.0,Combined intervention,26480.26580476761,27111.842041147174,631.5762363795657,-2.385082691525908,Positive = erosion; negative = amplification,True,Day containing annual peak hourly congestion,5068.606201416666,121646.548834,55984.899999999994,51184.899999999994,99246.99234609082,17976.037646579785
2020-06-07,1.0,Combined-savings interaction,212.31683235336095,1369.3667206631508,1157.0498883097898,,Signed: positive complementarity; negative substitution,True,Day containing annual peak hourly congestion,5068.606201416666,121646.548834,55984.899999999994,51184.899999999994,99246.99234609082,17976.037646579785
2020-06-29,1.0,Flexibility on original network,864.2556332401,1153.656154899858,289.40052165975794,-33.485523325407044,Positive = erosion; negative = amplification,True,2020-06 maximum mean-demand day,5476.075991625,131425.823799,26597.2,21797.199999999997,-1.025910023599863e-09,2.1827872842550278e-10
2020-06-29,1.0,Flexibility on upgraded network,864.2556332401,1153.6561556756496,289.40052243554965,-33.48552341517117,Positive = erosion; negative = amplification,True,2020-06 maximum mean-demand day,5476.075991625,131425.823799,26597.2,21797.199999999997,-1.025910023599863e-09,2.1827872842550278e-10
2020-06-29,1.0,Reconductoring with inflexible load,0.0,-6.570480763912201e-07,-6.570480763912201e-07,,Undefined: negligible/nonpositive DC benefit,True,2020-06 maximum mean-demand day,5476.075991625,131425.823799,26597.2,21797.199999999997,-1.025910023599863e-09,2.1827872842550278e-10
2020-06-29,1.0,Reconductoring with flexible load,0.0,1.1874362826347352e-07,1.1874362826347352e-07,,Undefined: negligible/nonpositive DC benefit,True,2020-06 maximum mean-demand day,5476.075991625,131425.823799,26597.2,21797.199999999997,-1.025910023599863e-09,2.1827872842550278e-10
2020-06-29,1.0,Combined intervention,864.2556332401,1153.6561550186016,289.40052177850157,-33.485523339146454,Positive = erosion; negative = amplification,True,2020-06 maximum mean-demand day,5476.075991625,131425.823799,26597.2,21797.199999999997,-1.025910023599863e-09,2.1827872842550278e-10
2020-06-29,1.0,Combined-savings interaction,-4.656612873077393e-10,7.762573659420013e-07,7.767230272293091e-07,,Signed: positive complementarity; negative substitution,True,2020-06 maximum mean-demand day,5476.075991625,131425.823799,26597.2,21797.199999999997,-1.025910023599863e-09,2.1827872842550278e-10
2020-07-07,1.0,Flexibility on original network,1454.6434906525535,1766.6510431240313,312.00755247147754,-21.44907356863852,Positive = erosion; negative = amplification,True,2020-07 minimum mean-demand day,4862.401383125,116697.633195,30050.1,25250.1,697.8505990987687,621.4793067922437
2020-07-07,1.0,Flexibility on upgraded network,1122.1062084161676,1448.07108520763,325.9648767914623,-29.0493782448237,Positive = erosion; negative = amplification,True,2020-07 minimum mean-demand day,4862.401383125,116697.633195,30050.1,25250.1,697.8505990987687,621.4793067922437
2020-07-07,1.0,Reconductoring with inflexible load,1682.1695081857033,1533.6824930866717,-148.48701509903185,8.82711369909337,Positive = erosion; negative = amplification,True,2020-07 minimum mean-demand day,4862.401383125,116697.633195,30050.1,25250.1,697.8505990987687,621.4793067922437
2020-07-07,1.0,Reconductoring with flexible load,1349.6322259493172,1215.10253517027,-134.5296907790471,9.967877781254098,Positive = erosion; negative = amplification,True,2020-07 minimum mean-demand day,4862.401383125,116697.633195,30050.1,25250.1,697.8505990987687,621.4793067922437
2020-07-07,1.0,Combined intervention,2804.275716601871,2981.7535782943014,177.47786169243045,-6.32883067245229,Positive = erosion; negative = amplification,True,2020-07 minimum mean-demand day,4862.401383125,116697.633195,30050.1,25250.1,697.8505990987687,621.4793067922437
2020-07-07,1.0,Combined-savings interaction,-332.5372822363861,-318.5799579161685,13.957324320217596,,Signed: positive complementarity; negative substitution,True,2020-07 minimum mean-demand day,4862.401383125,116697.633195,30050.1,25250.1,697.8505990987687,621.4793067922437
2020-07-27,1.0,Flexibility on original network,3946.311025661416,4289.46445822902,343.1534325676039,-8.695549599010377,Positive = erosion; negative = amplification,True,2020-07 maximum mean-demand day; Annual maximum mean-demand day,6344.823822708334,152275.771745,32435.0,27635.0,17598.94722706607,6221.735867956901
2020-07-27,1.0,Flexibility on upgraded network,1716.6599622638896,2511.389747905545,794.7297856416553,-46.29511977395833,Positive = erosion; negative = amplification,True,2020-07 maximum mean-demand day; Annual maximum mean-demand day,6344.823822708334,152275.771745,32435.0,27635.0,17598.94722706607,6221.735867956901
2020-07-27,1.0,Reconductoring with inflexible load,21383.880919599906,20482.574805404525,-901.3061141953804,4.214885584072192,Positive = erosion; negative = amplification,True,2020-07 maximum mean-demand day; Annual maximum mean-demand day,6344.823822708334,152275.771745,32435.0,27635.0,17598.94722706607,6221.735867956901
2020-07-27,1.0,Reconductoring with flexible load,19154.22985620238,18704.50009508105,-449.7297611213289,2.3479396691885257,Positive = erosion; negative = amplification,True,2020-07 maximum mean-demand day; Annual maximum mean-demand day,6344.823822708334,152275.771745,32435.0,27635.0,17598.94722706607,6221.735867956901
2020-07-27,1.0,Combined intervention,23100.540881863795,22993.96455331007,-106.57632855372503,0.4613585850597901,Positive = erosion; negative = amplification,True,2020-07 maximum mean-demand day; Annual maximum mean-demand day,6344.823822708334,152275.771745,32435.0,27635.0,17598.94722706607,6221.735867956901
2020-07-27,1.0,Combined-savings interaction,-2229.6510633975267,-1778.0747103230096,451.5763530745171,,Signed: positive complementarity; negative substitution,True,2020-07 maximum mean-demand day; Annual maximum mean-demand day,6344.823822708334,152275.771745,32435.0,27635.0,17598.94722706607,6221.735867956901
2020-08-08,1.0,Flexibility on original network,1850.848617440788,2523.2592971553095,672.4106797145214,-36.32985828113158,Positive = erosion; negative = amplification,True,2020-08 minimum mean-demand day,5012.021155625,120288.50773499999,26376.100000000002,21576.1,256.5408680242326,254.62602028578112
2020-08-08,1.0,Flexibility on upgraded network,1146.9613018084783,1838.681852793088,691.7205509846099,-60.30897031084965,Positive = erosion; negative = amplification,True,2020-08 minimum mean-demand day,5012.021155625,120288.50773499999,26376.100000000002,21576.1,256.5408680242326,254.62602028578112
2020-08-08,1.0,Reconductoring with inflexible load,1609.9194734117482,1471.2100576895757,-138.7094157221727,8.615922598179349,Positive = erosion; negative = amplification,True,2020-08 minimum mean-demand day,5012.021155625,120288.50773499999,26376.100000000002,21576.1,256.5408680242326,254.62602028578112
2020-08-08,1.0,Reconductoring with flexible load,906.0321577794384,786.6326133273542,-119.39954445208424,13.178289912437137,Positive = erosion; negative = amplification,True,2020-08 minimum mean-demand day,5012.021155625,120288.50773499999,26376.100000000002,21576.1,256.5408680242326,254.62602028578112
2020-08-08,1.0,Combined intervention,2756.8807752202265,3309.8919104826637,553.0111352624372,-20.05930543798222,Positive = erosion; negative = amplification,True,2020-08 minimum mean-demand day,5012.021155625,120288.50773499999,26376.100000000002,21576.1,256.5408680242326,254.62602028578112
2020-08-08,1.0,Combined-savings interaction,-703.8873156323098,-684.5774443624541,19.30987126985565,,Signed: positive complementarity; negative substitution,True,2020-08 minimum mean-demand day,5012.021155625,120288.50773499999,26376.100000000002,21576.1,256.5408680242326,254.62602028578112
2020-08-26,1.0,Flexibility on original network,3026.561581773683,3600.984825327527,574.4232435538433,-18.979400485788524,Positive = erosion; negative = amplification,True,2020-08 maximum mean-demand day; Day containing annual peak hourly demand,6068.8088076250015,145651.41138300003,38658.59999999999,33858.600000000006,9540.172577036283,3864.166602904683
2020-08-26,1.0,Flexibility on upgraded network,1266.400794192683,2086.677664139308,820.2768699466251,-64.77229591991396,Positive = erosion; negative = amplification,True,2020-08 maximum mean-demand day; Day containing annual peak hourly demand,6068.8088076250015,145651.41138300003,38658.59999999999,33858.600000000006,9540.172577036283,3864.166602904683
2020-08-26,1.0,Reconductoring with inflexible load,13650.8947976646,13309.386598996352,-341.50819866824895,2.5017275697317265,Positive = erosion; negative = amplification,True,2020-08 maximum mean-demand day; Day containing annual peak hourly demand,6068.8088076250015,145651.41138300003,38658.59999999999,33858.600000000006,9540.172577036283,3864.166602904683
2020-08-26,1.0,Reconductoring with flexible load,11890.7340100836,11795.079437808134,-95.65457227546722,0.8044463209281316,Positive = erosion; negative = amplification,True,2020-08 maximum mean-demand day; Day containing annual peak hourly demand,6068.8088076250015,145651.41138300003,38658.59999999999,33858.600000000006,9540.172577036283,3864.166602904683
2020-08-26,1.0,Combined intervention,14917.295591857284,15396.06426313566,478.76867127837613,-3.20948705702202,Positive = erosion; negative = amplification,True,2020-08 maximum mean-demand day; Day containing annual peak hourly demand,6068.8088076250015,145651.41138300003,38658.59999999999,33858.600000000006,9540.172577036283,3864.166602904683
2020-08-26,1.0,Combined-savings interaction,-1760.1607875805348,-1514.3071611882187,245.85362639231607,,Signed: positive complementarity; negative substitution,True,2020-08 maximum mean-demand day; Day containing annual peak hourly demand,6068.8088076250015,145651.41138300003,38658.59999999999,33858.600000000006,9540.172577036283,3864.166602904683
2020-09-08,1.0,Flexibility on original network,1107.1409590994008,2168.9271814655513,1061.7862223661505,-95.90343611077816,Positive = erosion; negative = amplification,True,2020-09 maximum mean-demand day,5713.361080791667,137120.665939,27597.7,22797.7,1.0450310172018362,1.0450310169253498
2020-09-08,1.0,Flexibility on upgraded network,1107.1409590994008,2168.927180752158,1061.7862216527574,-95.90343604634256,Positive = erosion; negative = amplification,True,2020-09 maximum mean-demand day,5713.361080791667,137120.665939,27597.7,22797.7,1.0450310172018362,1.0450310169253498
2020-09-08,1.0,Reconductoring with inflexible load,0.0,-3.878958523273468e-07,-3.878958523273468e-07,,Undefined: negligible/nonpositive DC benefit,True,2020-09 maximum mean-demand day,5713.361080791667,137120.665939,27597.7,22797.7,1.0450310172018362,1.0450310169253498
2020-09-08,1.0,Reconductoring with flexible load,0.0,-1.1012889444828031e-06,-1.1012889444828031e-06,,Undefined: negligible/nonpositive DC benefit,True,2020-09 maximum mean-demand day,5713.361080791667,137120.665939,27597.7,22797.7,1.0450310172018362,1.0450310169253498
2020-09-08,1.0,Combined intervention,1107.1409590994008,2168.9271803642623,1061.7862212648615,-95.90343601130672,Positive = erosion; negative = amplification,True,2020-09 maximum mean-demand day,5713.361080791667,137120.665939,27597.7,22797.7,1.0450310172018362,1.0450310169253498
2020-09-08,1.0,Combined-savings interaction,4.656612873077393e-10,-7.138587534427643e-07,-7.14324414730072e-07,,Signed: positive complementarity; negative substitution,True,2020-09 maximum mean-demand day,5713.361080791667,137120.665939,27597.7,22797.7,1.0450310172018362,1.0450310169253498
2020-09-26,1.0,Flexibility on original network,2218.6385268871672,2967.579477193067,748.9409503058996,-33.756781072250284,Positive = erosion; negative = amplification,True,2020-09 minimum mean-demand day,3837.296350575,92095.1124138,24322.9,19522.9,108.7720740924633,31.1230233975366
2020-09-26,1.0,Flexibility on upgraded network,2218.6385268871672,2967.5794771192595,748.9409502320923,-33.756781068923594,Positive = erosion; negative = amplification,True,2020-09 minimum mean-demand day,3837.296350575,92095.1124138,24322.9,19522.9,108.7720740924633,31.1230233975366
2020-09-26,1.0,Reconductoring with inflexible load,0.0,5.352776497602463e-07,5.352776497602463e-07,,Undefined: negligible/nonpositive DC benefit,True,2020-09 minimum mean-demand day,3837.296350575,92095.1124138,24322.9,19522.9,108.7720740924633,31.1230233975366
2020-09-26,1.0,Reconductoring with flexible load,0.0,4.614703357219696e-07,4.614703357219696e-07,,Undefined: negligible/nonpositive DC benefit,True,2020-09 minimum mean-demand day,3837.296350575,92095.1124138,24322.9,19522.9,108.7720740924633,31.1230233975366
2020-09-26,1.0,Combined intervention,2218.6385268871672,2967.579477654537,748.9409507673699,-33.75678109304998,Positive = erosion; negative = amplification,True,2020-09 minimum mean-demand day,3837.296350575,92095.1124138,24322.9,19522.9,108.7720740924633,31.1230233975366
2020-09-26,1.0,Combined-savings interaction,0.0,-7.380731403827667e-08,-7.380731403827667e-08,,Signed: positive complementarity; negative substitution,True,2020-09 minimum mean-demand day,3837.296350575,92095.1124138,24322.9,19522.9,108.7720740924633,31.1230233975366
2020-10-01,1.0,Flexibility on original network,1251.757310217712,1718.5580263088923,466.8007160911802,-37.29163091605927,Positive = erosion; negative = amplification,True,2020-10 maximum mean-demand day,4654.6928806666665,111712.629136,22540.9,17740.9,436.3918325593768,101.07426351850154
2020-10-01,1.0,Flexibility on upgraded network,1251.757310217712,1718.558026594343,466.8007163766306,-37.29163093886323,Positive = erosion; negative = amplification,True,2020-10 maximum mean-demand day,4654.6928806666665,111712.629136,22540.9,17740.9,436.3918325593768,101.07426351850154
2020-10-01,1.0,Reconductoring with inflexible load,0.0,-1.5133991837501529e-07,-1.5133991837501529e-07,,Undefined: negligible/nonpositive DC benefit,True,2020-10 maximum mean-demand day,4654.6928806666665,111712.629136,22540.9,17740.9,436.3918325593768,101.07426351850154
2020-10-01,1.0,Reconductoring with flexible load,0.0,1.341104507446289e-07,1.341104507446289e-07,,Undefined: negligible/nonpositive DC benefit,True,2020-10 maximum mean-demand day,4654.6928806666665,111712.629136,22540.9,17740.9,436.3918325593768,101.07426351850154
2020-10-01,1.0,Combined intervention,1251.757310217712,1718.5580264430027,466.8007162252906,-37.29163092677303,Positive = erosion; negative = amplification,True,2020-10 maximum mean-demand day,4654.6928806666665,111712.629136,22540.9,17740.9,436.3918325593768,101.07426351850154
2020-10-01,1.0,Combined-savings interaction,0.0,2.856831997632981e-07,2.856831997632981e-07,,Signed: positive complementarity; negative substitution,True,2020-10 maximum mean-demand day,4654.6928806666665,111712.629136,22540.9,17740.9,436.3918325593768,101.07426351850154
2020-10-18,1.0,Flexibility on original network,17879.850526194437,16993.12112954352,-886.7293966509169,4.959378129877745,Positive = erosion; negative = amplification,True,2020-10 minimum mean-demand day,3433.303197129166,82399.27673109999,65522.59999999999,60722.600000000006,55246.85662016511,7311.537317021612
2020-10-18,1.0,Flexibility on upgraded network,15083.96770820854,14884.444563416471,-199.5231447920669,1.3227497476243522,Positive = erosion; negative = amplification,True,2020-10 minimum mean-demand day,3433.303197129166,82399.27673109999,65522.59999999999,60722.600000000006,55246.85662016511,7311.537317021612
2020-10-18,1.0,Reconductoring with inflexible load,55677.02439765344,54231.08505375002,-1445.9393439034177,2.5970126089647105,Positive = erosion; negative = amplification,True,2020-10 minimum mean-demand day,3433.303197129166,82399.27673109999,65522.59999999999,60722.600000000006,55246.85662016511,7311.537317021612
2020-10-18,1.0,Reconductoring with flexible load,52881.14157966754,52122.408487622975,-758.7330920445675,1.434789547615012,Positive = erosion; negative = amplification,True,2020-10 minimum mean-demand day,3433.303197129166,82399.27673109999,65522.59999999999,60722.600000000006,55246.85662016511,7311.537317021612
2020-10-18,1.0,Combined intervention,70760.99210586198,69115.5296171665,-1645.4624886954844,2.325380749656236,Positive = erosion; negative = amplification,True,2020-10 minimum mean-demand day,3433.303197129166,82399.27673109999,65522.59999999999,60722.600000000006,55246.85662016511,7311.537317021612
2020-10-18,1.0,Combined-savings interaction,-2795.882817985839,-2108.6765661271056,687.2062518587336,,Signed: positive complementarity; negative substitution,True,2020-10 minimum mean-demand day,3433.303197129166,82399.27673109999,65522.59999999999,60722.600000000006,55246.85662016511,7311.537317021612
2020-11-10,1.0,Flexibility on original network,9947.331636884132,9002.715756232268,-944.6158806518652,9.496173598448088,Positive = erosion; negative = amplification,True,2020-11 maximum mean-demand day,3992.5028299499995,95820.06791879999,74682.9,69882.9,92707.95691137356,8909.93028321653
2020-11-10,1.0,Flexibility on upgraded network,13259.990291921073,11243.775615582244,-2016.21467633883,15.205250018676498,Positive = erosion; negative = amplification,True,2020-11 maximum mean-demand day,3992.5028299499995,95820.06791879999,74682.9,69882.9,92707.95691137356,8909.93028321653
2020-11-10,1.0,Reconductoring with inflexible load,79487.27145496418,82213.15487077268,2725.8834158084937,-3.4293332327464787,Positive = erosion; negative = amplification,True,2020-11 maximum mean-demand day,3992.5028299499995,95820.06791879999,74682.9,69882.9,92707.95691137356,8909.93028321653
2020-11-10,1.0,Reconductoring with flexible load,82799.93011000112,84454.21473012265,1654.2846201215289,-1.997929971587875,Positive = erosion; negative = amplification,True,2020-11 maximum mean-demand day,3992.5028299499995,95820.06791879999,74682.9,69882.9,92707.95691137356,8909.93028321653
2020-11-10,1.0,Combined intervention,92747.26174688524,93456.93048635492,709.6687394696637,-0.7651640879775101,Positive = erosion; negative = amplification,True,2020-11 maximum mean-demand day,3992.5028299499995,95820.06791879999,74682.9,69882.9,92707.95691137356,8909.93028321653
2020-11-10,1.0,Combined-savings interaction,3312.6586550369393,2241.0598593500326,-1071.598795686907,,Signed: positive complementarity; negative substitution,True,2020-11 maximum mean-demand day,3992.5028299499995,95820.06791879999,74682.9,69882.9,92707.95691137356,8909.93028321653
2020-11-26,1.0,Flexibility on original network,15300.704788094445,15245.448905301777,-55.25588279266958,0.36113292529939,Positive = erosion; negative = amplification,True,2020-11 minimum mean-demand day,3366.9227906624997,80806.14697589999,76332.99999999999,71533.0,81973.84859538835,7806.6574598176285
2020-11-26,1.0,Flexibility on upgraded network,15242.788240444526,14749.295068548352,-493.4931718961743,3.2375518449227147,Positive = erosion; negative = amplification,True,2020-11 minimum mean-demand day,3366.9227906624997,80806.14697589999,76332.99999999999,71533.0,81973.84859538835,7806.6574598176285
2020-11-26,1.0,Reconductoring with inflexible load,73795.10033450827,73294.18982067949,-500.91051382878504,0.678785598987186,Positive = erosion; negative = amplification,True,2020-11 minimum mean-demand day,3366.9227906624997,80806.14697589999,76332.99999999999,71533.0,81973.84859538835,7806.6574598176285
2020-11-26,1.0,Reconductoring with flexible load,73737.18378685835,72798.03598392606,-939.1478029322898,1.2736420821914618,Positive = erosion; negative = amplification,True,2020-11 minimum mean-demand day,3366.9227906624997,80806.14697589999,76332.99999999999,71533.0,81973.84859538835,7806.6574598176285
2020-11-26,1.0,Combined intervention,89037.8885749528,88043.48488922784,-994.4036857249594,1.1168320606433355,Positive = erosion; negative = amplification,True,2020-11 minimum mean-demand day,3366.9227906624997,80806.14697589999,76332.99999999999,71533.0,81973.84859538835,7806.6574598176285
2020-11-26,1.0,Combined-savings interaction,-57.91654764994746,-496.1538367534522,-438.23728910350474,,Signed: positive complementarity; negative substitution,True,2020-11 minimum mean-demand day,3366.9227906624997,80806.14697589999,76332.99999999999,71533.0,81973.84859538835,7806.6574598176285
2020-12-23,1.0,Flexibility on original network,1941.530556082027,2073.861888128333,132.33133204630576,-6.815825361685168,Positive = erosion; negative = amplification,True,2020-12 maximum mean-demand day,4208.769030625,101010.45673499999,28769.2,23969.199999999997,1915.779920869536,593.1267941694095
2020-12-23,1.0,Flexibility on upgraded network,1941.530556082027,2073.8618880547583,132.33133197273128,-6.815825357895644,Positive = erosion; negative = amplification,True,2020-12 maximum mean-demand day,4208.769030625,101010.45673499999,28769.2,23969.199999999997,1915.779920869536,593.1267941694095
2020-12-23,1.0,Reconductoring with inflexible load,0.0,6.253831088542938e-07,6.253831088542938e-07,,Undefined: negligible/nonpositive DC benefit,True,2020-12 maximum mean-demand day,4208.769030625,101010.45673499999,28769.2,23969.199999999997,1915.779920869536,593.1267941694095
2020-12-23,1.0,Reconductoring with flexible load,0.0,5.51808625459671e-07,5.51808625459671e-07,,Undefined: negligible/nonpositive DC benefit,True,2020-12 maximum mean-demand day,4208.769030625,101010.45673499999,28769.2,23969.199999999997,1915.779920869536,593.1267941694095
2020-12-23,1.0,Combined intervention,1941.530556082027,2073.8618886801414,132.3313325981144,-6.815825390106478,Positive = erosion; negative = amplification,True,2020-12 maximum mean-demand day,4208.769030625,101010.45673499999,28769.2,23969.199999999997,1915.779920869536,593.1267941694095
2020-12-23,1.0,Combined-savings interaction,2.3283064365386963e-10,-7.35744833946228e-08,-7.380731403827667e-08,,Signed: positive complementarity; negative substitution,True,2020-12 maximum mean-demand day,4208.769030625,101010.45673499999,28769.2,23969.199999999997,1915.779920869536,593.1267941694095
2020-12-28,1.0,Flexibility on original network,12228.200818992802,12147.086087051312,-81.11473194148857,0.66334150986056,Positive = erosion; negative = amplification,True,2020-12 minimum mean-demand day,3503.9929708875,84095.8313013,49359.5,44559.5,56054.24749864393,9120.457637775475
2020-12-28,1.0,Flexibility on upgraded network,12422.398594550788,11956.742924152177,-465.65567039861344,3.748516575557947,Positive = erosion; negative = amplification,True,2020-12 minimum mean-demand day,3503.9929708875,84095.8313013,49359.5,44559.5,56054.24749864393,9120.457637775475
2020-12-28,1.0,Reconductoring with inflexible load,40176.73570749024,37903.7645919529,-2272.971115537337,5.657431036921157,Positive = erosion; negative = amplification,True,2020-12 minimum mean-demand day,3503.9929708875,84095.8313013,49359.5,44559.5,56054.24749864393,9120.457637775475
2020-12-28,1.0,Reconductoring with flexible load,40370.933483048226,37713.42142905376,-2657.512053994462,6.582736203289308,Positive = erosion; negative = amplification,True,2020-12 minimum mean-demand day,3503.9929708875,84095.8313013,49359.5,44559.5,56054.24749864393,9120.457637775475
2020-12-28,1.0,Combined intervention,52599.13430204103,49860.50751610508,-2738.6267859359505,5.206600493099145,Positive = erosion; negative = amplification,True,2020-12 minimum mean-demand day,3503.9929708875,84095.8313013,49359.5,44559.5,56054.24749864393,9120.457637775475
2020-12-28,1.0,Combined-savings interaction,194.19777555810288,-190.3431628992548,-384.5409384573577,,Signed: positive complementarity; negative substitution,True,2020-12 minimum mean-demand day,3503.9929708875,84095.8313013,49359.5,44559.5,56054.24749864393,9120.457637775475
2020-01-05,0.95,Flexibility on original network,13260.115901842248,12445.723651838256,-814.3922500039916,6.141667659864469,Positive = erosion; negative = amplification,True,2020-01 minimum mean-demand day,3485.6776177166666,83656.2628252,57572.7,52772.7,61940.575784487286,7468.8501858457985
2020-01-05,0.95,Flexibility on upgraded network,11888.650595900486,11531.966039824416,-356.6845560760703,3.000210605895548,Positive = erosion; negative = amplification,True,2020-01 minimum mean-demand day,3485.6776177166666,83656.2628252,57572.7,52772.7,61940.575784487286,7468.8501858457985
2020-01-05,0.95,Reconductoring with inflexible load,39111.60238253628,35196.99258997175,-3914.60979256453,10.008819772396848,Positive = erosion; negative = amplification,True,2020-01 minimum mean-demand day,3485.6776177166666,83656.2628252,57572.7,52772.7,61940.575784487286,7468.8501858457985
2020-01-05,0.95,Reconductoring with flexible load,37740.13707659452,34283.23497795791,-3456.902098636609,9.15974971585488,Positive = erosion; negative = amplification,True,2020-01 minimum mean-demand day,3485.6776177166666,83656.2628252,57572.7,52772.7,61940.575784487286,7468.8501858457985
2020-01-05,0.95,Combined intervention,51000.252978436765,46728.958629796165,-4271.2943486406,8.375045414865944,Positive = erosion; negative = amplification,True,2020-01 minimum mean-demand day,3485.6776177166666,83656.2628252,57572.7,52772.7,61940.575784487286,7468.8501858457985
2020-01-05,0.95,Combined-savings interaction,-1371.4653059417617,-913.75761201384,457.70769392792135,,Signed: positive complementarity; negative substitution,True,2020-01 minimum mean-demand day,3485.6776177166666,83656.2628252,57572.7,52772.7,61940.575784487286,7468.8501858457985
2020-01-14,0.95,Flexibility on original network,11586.267690816312,10471.556139990804,-1114.7115508255083,9.620971831240087,Positive = erosion; negative = amplification,True,2020-01 maximum mean-demand day,4059.9593147083337,97439.023553,62166.7,57366.7,66291.63847398394,7921.546031062513
2020-01-14,0.95,Flexibility on upgraded network,10993.169384600244,11174.950392482104,181.7810078818584,-1.653581433362672,Positive = erosion; negative = amplification,True,2020-01 maximum mean-demand day,4059.9593147083337,97439.023553,62166.7,57366.7,66291.63847398394,7921.546031062513
2020-01-14,0.95,Reconductoring with inflexible load,38879.00353799423,36546.95345817075,-2332.0500798234716,5.998224922468731,Positive = erosion; negative = amplification,True,2020-01 maximum mean-demand day,4059.9593147083337,97439.023553,62166.7,57366.7,66291.63847398394,7921.546031062513
2020-01-14,0.95,Reconductoring with flexible load,38285.90523177816,37250.347710662056,-1035.557521116105,2.7048009309090792,Positive = erosion; negative = amplification,True,2020-01 maximum mean-demand day,4059.9593147083337,97439.023553,62166.7,57366.7,66291.63847398394,7921.546031062513
2020-01-14,0.95,Combined intervention,49872.17292259447,47721.90385065286,-2150.269071941613,4.311560828277927,Positive = erosion; negative = amplification,True,2020-01 maximum mean-demand day,4059.9593147083337,97439.023553,62166.7,57366.7,66291.63847398394,7921.546031062513
2020-01-14,0.95,Combined-savings interaction,-593.0983062160667,703.3942524913,1296.4925587073667,,Signed: positive complementarity; negative substitution,True,2020-01 maximum mean-demand day,4059.9593147083337,97439.023553,62166.7,57366.7,66291.63847398394,7921.546031062513
2020-01-29,0.95,Flexibility on original network,14784.271529543796,14338.848140123067,-445.4233894207282,3.0128193230936517,Positive = erosion; negative = amplification,True,Annual maximum VRE-availability day,3814.837396704166,91556.09752089999,77950.0,73150.0,103652.25342555309,9370.145624042536
2020-01-29,0.95,Flexibility on upgraded network,13946.369388000749,13534.582936308696,-411.78645169205265,2.952642657280735,Positive = erosion; negative = amplification,True,Annual maximum VRE-availability day,3814.837396704166,91556.09752089999,77950.0,73150.0,103652.25342555309,9370.145624042536
2020-01-29,0.95,Reconductoring with inflexible load,78964.64491423598,74562.35176610632,-4402.293148129655,5.57501797533696,Positive = erosion; negative = amplification,True,Annual maximum VRE-availability day,3814.837396704166,91556.09752089999,77950.0,73150.0,103652.25342555309,9370.145624042536
2020-01-29,0.95,Reconductoring with flexible load,78126.74277269293,73758.08656229195,-4368.656210400979,5.591755211287175,Positive = erosion; negative = amplification,True,Annual maximum VRE-availability day,3814.837396704166,91556.09752089999,77950.0,73150.0,103652.25342555309,9370.145624042536
2020-01-29,0.95,Combined intervention,92911.01430223673,88096.93470241502,-4814.079599821707,5.1813874124349235,Positive = erosion; negative = amplification,True,Annual maximum VRE-availability day,3814.837396704166,91556.09752089999,77950.0,73150.0,103652.25342555309,9370.145624042536
2020-01-29,0.95,Combined-savings interaction,-837.9021415431052,-804.2652038143715,33.636937728733756,,Signed: positive complementarity; negative substitution,True,Annual maximum VRE-availability day,3814.837396704166,91556.09752089999,77950.0,73150.0,103652.25342555309,9370.145624042536
2020-02-14,0.95,Flexibility on original network,686.699442916899,1612.839750808198,926.140307891299,-134.86836452893058,Positive = erosion; negative = amplification,True,Annual maximum daily-congestion-cost day,3813.932650620833,91534.3836149,51218.299999999996,46418.3,188781.30305950443,9285.59847358906
2020-02-14,0.95,Flexibility on upgraded network,946.3951595857508,987.952143114293,41.55698352854233,-4.391081580207179,Positive = erosion; negative = amplification,True,Annual maximum daily-congestion-cost day,3813.932650620833,91534.3836149,51218.299999999996,46418.3,188781.30305950443,9285.59847358906
2020-02-14,0.95,Reconductoring with inflexible load,138254.06473588815,130189.46444717224,-8064.600288715912,5.83317409446299,Positive = erosion; negative = amplification,True,Annual maximum daily-congestion-cost day,3813.932650620833,91534.3836149,51218.299999999996,46418.3,188781.30305950443,9285.59847358906
2020-02-14,0.95,Reconductoring with flexible load,138513.760452557,129564.57683947834,-8949.183613078669,6.460862504807885,Positive = erosion; negative = amplification,True,Annual maximum daily-congestion-cost day,3813.932650620833,91534.3836149,51218.299999999996,46418.3,188781.30305950443,9285.59847358906
2020-02-14,0.95,Combined intervention,139200.4598954739,131177.41659028654,-8023.04330518737,5.763661493081196,Positive = erosion; negative = amplification,True,Annual maximum daily-congestion-cost day,3813.932650620833,91534.3836149,51218.299999999996,46418.3,188781.30305950443,9285.59847358906
2020-02-14,0.95,Combined-savings interaction,259.6957166688517,-624.8876076937886,-884.5833243626403,,Signed: positive complementarity; negative substitution,True,Annual maximum daily-congestion-cost day,3813.932650620833,91534.3836149,51218.299999999996,46418.3,188781.30305950443,9285.59847358906
2020-02-18,0.95,Flexibility on original network,12921.19976253633,12588.665920754196,-332.5338417821331,2.5735523627324453,Positive = erosion; negative = amplification,True,2020-02 maximum mean-demand day,3910.6598511041666,93855.8364265,69249.0,64449.0,48173.050942518676,9052.379737573458
2020-02-18,0.95,Flexibility on upgraded network,11259.577112920231,11029.101971238792,-230.4751416814397,2.046925380678566,Positive = erosion; negative = amplification,True,2020-02 maximum mean-demand day,3910.6598511041666,93855.8364265,69249.0,64449.0,48173.050942518676,9052.379737573458
2020-02-18,0.95,Reconductoring with inflexible load,30509.445777376764,28053.37419596227,-2456.0715814144933,8.050200581603839,Positive = erosion; negative = amplification,True,2020-02 maximum mean-demand day,3910.6598511041666,93855.8364265,69249.0,64449.0,48173.050942518676,9052.379737573458
2020-02-18,0.95,Reconductoring with flexible load,28847.82312776067,26493.81024644687,-2354.0128813138,8.160105776052474,Positive = erosion; negative = amplification,True,2020-02 maximum mean-demand day,3910.6598511041666,93855.8364265,69249.0,64449.0,48173.050942518676,9052.379737573458
2020-02-18,0.95,Combined intervention,41769.022890297,39082.476167201065,-2686.546723095933,6.4319118265034225,Positive = erosion; negative = amplification,True,2020-02 maximum mean-demand day,3910.6598511041666,93855.8364265,69249.0,64449.0,48173.050942518676,9052.379737573458
2020-02-18,0.95,Combined-savings interaction,-1661.6226496160962,-1559.5639495153446,102.0587001007516,,Signed: positive complementarity; negative substitution,True,2020-02 maximum mean-demand day,3910.6598511041666,93855.8364265,69249.0,64449.0,48173.050942518676,9052.379737573458
2020-02-23,0.95,Flexibility on original network,4132.948300027521,3839.260326986783,-293.68797304073814,7.106016134747739,Positive = erosion; negative = amplification,True,2020-02 minimum mean-demand day,3373.2794298291665,80958.7063159,41703.0,36903.0,7712.634688170349,6485.949781971398
2020-02-23,0.95,Flexibility on upgraded network,4086.7467409292,3718.4443936544703,-368.30234727473,9.01211576401696,Positive = erosion; negative = amplification,True,2020-02 minimum mean-demand day,3373.2794298291665,80958.7063159,41703.0,36903.0,7712.634688170349,6485.949781971398
2020-02-23,0.95,Reconductoring with inflexible load,5541.20999996399,5274.13611746789,-267.07388249610085,4.819775509281121,Positive = erosion; negative = amplification,True,2020-02 minimum mean-demand day,3373.2794298291665,80958.7063159,41703.0,36903.0,7712.634688170349,6485.949781971398
2020-02-23,0.95,Reconductoring with flexible load,5495.008440865669,5153.320184135577,-341.6882567300927,6.218157085783549,Positive = erosion; negative = amplification,True,2020-02 minimum mean-demand day,3373.2794298291665,80958.7063159,41703.0,36903.0,7712.634688170349,6485.949781971398
2020-02-23,0.95,Combined intervention,9627.95674089319,8992.58051112236,-635.3762297708308,6.5992842185525475,Positive = erosion; negative = amplification,True,2020-02 minimum mean-demand day,3373.2794298291665,80958.7063159,41703.0,36903.0,7712.634688170349,6485.949781971398
2020-02-23,0.95,Combined-savings interaction,-46.20155909843743,-120.81593333219644,-74.61437423375901,,Signed: positive complementarity; negative substitution,True,2020-02 minimum mean-demand day,3373.2794298291665,80958.7063159,41703.0,36903.0,7712.634688170349,6485.949781971398
2020-03-16,0.95,Flexibility on original network,2628.641400598688,2926.8692127766553,298.2278121779673,-11.345321279275456,Positive = erosion; negative = amplification,True,2020-03 maximum mean-demand day,3844.5404870375,92268.9716889,32020.200000000004,27220.200000000004,343.93420324164435,112.43182370052091
2020-03-16,0.95,Flexibility on upgraded network,2628.641400598688,2926.8692129726987,298.2278123740107,-11.345321286733425,Positive = erosion; negative = amplification,True,2020-03 maximum mean-demand day,3844.5404870375,92268.9716889,32020.200000000004,27220.200000000004,343.93420324164435,112.43182370052091
2020-03-16,0.95,Reconductoring with inflexible load,0.0,5.967449396848679e-07,5.967449396848679e-07,,Undefined: negligible/nonpositive DC benefit,True,2020-03 maximum mean-demand day,3844.5404870375,92268.9716889,32020.200000000004,27220.200000000004,343.93420324164435,112.43182370052091
2020-03-16,0.95,Reconductoring with flexible load,0.0,7.927883416414261e-07,7.927883416414261e-07,,Undefined: negligible/nonpositive DC benefit,True,2020-03 maximum mean-demand day,3844.5404870375,92268.9716889,32020.200000000004,27220.200000000004,343.93420324164435,112.43182370052091
2020-03-16,0.95,Combined intervention,2628.641400598688,2926.8692135694437,298.2278129707556,-11.345321309435086,Positive = erosion; negative = amplification,True,2020-03 maximum mean-demand day,3844.5404870375,92268.9716889,32020.200000000004,27220.200000000004,343.93420324164435,112.43182370052091
2020-03-16,0.95,Combined-savings interaction,2.3283064365386963e-10,1.9604340195655825e-07,1.9581057131290438e-07,,Signed: positive complementarity; negative substitution,True,2020-03 maximum mean-demand day,3844.5404870375,92268.9716889,32020.200000000004,27220.200000000004,343.93420324164435,112.43182370052091
2020-03-29,0.95,Flexibility on original network,14438.039723165277,15238.487904664013,800.4481814987375,-5.544022574023333,Positive = erosion; negative = amplification,True,2020-03 minimum mean-demand day; Annual minimum mean-demand day,3265.3773705500003,78369.0568932,55167.100000000006,50367.100000000006,8207.351311872655,2483.9085326621844
2020-03-29,0.95,Flexibility on upgraded network,12593.94275742286,13973.736368160811,1379.79361073795,-10.956009863747408,Positive = erosion; negative = amplification,True,2020-03 minimum mean-demand day; Annual minimum mean-demand day,3265.3773705500003,78369.0568932,55167.100000000006,50367.100000000006,8207.351311872655,2483.9085326621844
2020-03-29,0.95,Reconductoring with inflexible load,14131.468251584098,17965.000416309573,3833.532164725475,-27.127628187508023,Positive = erosion; negative = amplification,True,2020-03 minimum mean-demand day; Annual minimum mean-demand day,3265.3773705500003,78369.0568932,55167.100000000006,50367.100000000006,8207.351311872655,2483.9085326621844
2020-03-29,0.95,Reconductoring with flexible load,12287.371285841684,16700.24887980637,4412.877593964688,-35.91392732674641,Positive = erosion; negative = amplification,True,2020-03 minimum mean-demand day; Annual minimum mean-demand day,3265.3773705500003,78369.0568932,55167.100000000006,50367.100000000006,8207.351311872655,2483.9085326621844
2020-03-29,0.95,Combined intervention,26725.41100900696,31938.736784470384,5213.325775463425,-19.506999438498585,Positive = erosion; negative = amplification,True,2020-03 minimum mean-demand day; Annual minimum mean-demand day,3265.3773705500003,78369.0568932,55167.100000000006,50367.100000000006,8207.351311872655,2483.9085326621844
2020-03-29,0.95,Combined-savings interaction,-1844.0969657423557,-1264.7515365032014,579.3454292391543,,Signed: positive complementarity; negative substitution,True,2020-03 minimum mean-demand day; Annual minimum mean-demand day,3265.3773705500003,78369.0568932,55167.100000000006,50367.100000000006,8207.351311872655,2483.9085326621844
2020-04-05,0.95,Flexibility on original network,6832.073404886993,8040.332620382192,1208.2592154952,-17.685102953240083,Positive = erosion; negative = amplification,True,2020-04 minimum mean-demand day,3326.2146264000003,79829.1510336,36768.3,31968.299999999996,748.7153782867799,378.32318918385135
2020-04-05,0.95,Flexibility on upgraded network,6832.073404886993,8040.332620475092,1208.259215588099,-17.68510295459984,Positive = erosion; negative = amplification,True,2020-04 minimum mean-demand day,3326.2146264000003,79829.1510336,36768.3,31968.299999999996,748.7153782867799,378.32318918385135
2020-04-05,0.95,Reconductoring with inflexible load,0.0,6.603077054023743e-07,6.603077054023743e-07,,Undefined: negligible/nonpositive DC benefit,True,2020-04 minimum mean-demand day,3326.2146264000003,79829.1510336,36768.3,31968.299999999996,748.7153782867799,378.32318918385135
2020-04-05,0.95,Reconductoring with flexible load,0.0,7.532071322202682e-07,7.532071322202682e-07,,Undefined: negligible/nonpositive DC benefit,True,2020-04 minimum mean-demand day,3326.2146264000003,79829.1510336,36768.3,31968.299999999996,748.7153782867799,378.32318918385135
2020-04-05,0.95,Combined intervention,6832.073404886993,8040.3326211354,1208.259216248407,-17.685102964264665,Positive = erosion; negative = amplification,True,2020-04 minimum mean-demand day,3326.2146264000003,79829.1510336,36768.3,31968.299999999996,748.7153782867799,378.32318918385135
2020-04-05,0.95,Combined-savings interaction,0.0,9.301584213972093e-08,9.301584213972093e-08,,Signed: positive complementarity; negative substitution,True,2020-04 minimum mean-demand day,3326.2146264000003,79829.1510336,36768.3,31968.299999999996,748.7153782867799,378.32318918385135
2020-04-16,0.95,Flexibility on original network,12744.155517492907,12100.43009558355,-643.7254219093593,5.0511422355586255,Positive = erosion; negative = amplification,True,2020-04 maximum mean-demand day,4129.824963170834,99115.79911610001,55851.59999999999,51051.6,43080.52206126436,5760.236218198697
2020-04-16,0.95,Flexibility on upgraded network,9511.56788805104,8819.751062853378,-691.8168251976604,7.273425720556115,Positive = erosion; negative = amplification,True,2020-04 maximum mean-demand day,4129.824963170834,99115.79911610001,55851.59999999999,51051.6,43080.52206126436,5760.236218198697
2020-04-16,0.95,Reconductoring with inflexible load,54062.17633599986,51980.38888868876,-2081.7874473111005,3.85072815857922,Positive = erosion; negative = amplification,True,2020-04 maximum mean-demand day,4129.824963170834,99115.79911610001,55851.59999999999,51051.6,43080.52206126436,5760.236218198697
2020-04-16,0.95,Reconductoring with flexible load,50829.58870655799,48699.70985595859,-2129.8788505994016,4.190234280460759,Positive = erosion; negative = amplification,True,2020-04 maximum mean-demand day,4129.824963170834,99115.79911610001,55851.59999999999,51051.6,43080.52206126436,5760.236218198697
2020-04-16,0.95,Combined intervention,63573.7442240509,60800.139951542136,-2773.604272508761,4.362814093085088,Positive = erosion; negative = amplification,True,2020-04 maximum mean-demand day,4129.824963170834,99115.79911610001,55851.59999999999,51051.6,43080.52206126436,5760.236218198697
2020-04-16,0.95,Combined-savings interaction,-3232.587629441987,-3280.679032730055,-48.09140328806825,,Signed: positive complementarity; negative substitution,True,2020-04 maximum mean-demand day,4129.824963170834,99115.79911610001,55851.59999999999,51051.6,43080.52206126436,5760.236218198697
2020-05-22,0.95,Flexibility on original network,3923.123334687669,5258.902962245047,1335.7796275573785,-34.04888181175991,Positive = erosion; negative = amplification,True,2020-05 maximum mean-demand day,4965.229746291666,119165.51391099999,42235.0,37435.0,3503.378835793752,2077.045782481742
2020-05-22,0.95,Flexibility on upgraded network,2259.7096343948506,3423.514325064374,1163.8046906695236,-51.50239981966489,Positive = erosion; negative = amplification,True,2020-05 maximum mean-demand day,4965.229746291666,119165.51391099999,42235.0,37435.0,3503.378835793752,2077.045782481742
2020-05-22,0.95,Reconductoring with inflexible load,8223.546691322466,8172.549045633292,-50.99764568917453,0.6201417417984301,Positive = erosion; negative = amplification,True,2020-05 maximum mean-demand day,4965.229746291666,119165.51391099999,42235.0,37435.0,3503.378835793752,2077.045782481742
2020-05-22,0.95,Reconductoring with flexible load,6560.132991029648,6337.160408452619,-222.97258257702924,3.3989033893355947,Positive = erosion; negative = amplification,True,2020-05 maximum mean-demand day,4965.229746291666,119165.51391099999,42235.0,37435.0,3503.378835793752,2077.045782481742
2020-05-22,0.95,Combined intervention,10483.256325717315,11596.063370697666,1112.807044980349,-10.615089533301148,Positive = erosion; negative = amplification,True,2020-05 maximum mean-demand day,4965.229746291666,119165.51391099999,42235.0,37435.0,3503.378835793752,2077.045782481742
2020-05-22,0.95,Combined-savings interaction,-1663.413700293051,-1835.38863718044,-171.97493688738905,,Signed: positive complementarity; negative substitution,True,2020-05 maximum mean-demand day,4965.229746291666,119165.51391099999,42235.0,37435.0,3503.378835793752,2077.045782481742
2020-05-31,0.95,Flexibility on original network,17144.08370377618,16548.924603837135,-595.1590999390464,3.4715130316819165,Positive = erosion; negative = amplification,True,2020-05 minimum mean-demand day,3615.8109679541667,86779.4632309,65414.1,60614.100000000006,15492.458036600066,3956.7693465836755
2020-05-31,0.95,Flexibility on upgraded network,11378.792930963158,12684.654936039064,1305.8620050759057,-11.476278837296404,Positive = erosion; negative = amplification,True,2020-05 minimum mean-demand day,3615.8109679541667,86779.4632309,65414.1,60614.100000000006,15492.458036600066,3956.7693465836755
2020-05-31,0.95,Reconductoring with inflexible load,26715.280350869056,27422.812648829713,707.5322979606572,-2.648418016461651,Positive = erosion; negative = amplification,True,2020-05 minimum mean-demand day,3615.8109679541667,86779.4632309,65414.1,60614.100000000006,15492.458036600066,3956.7693465836755
2020-05-31,0.95,Reconductoring with flexible load,20949.989578056033,23558.54298103164,2608.553402975609,-12.45133508661944,Positive = erosion; negative = amplification,True,2020-05 minimum mean-demand day,3615.8109679541667,86779.4632309,65414.1,60614.100000000006,15492.458036600066,3956.7693465836755
2020-05-31,0.95,Combined intervention,38094.073281832214,40107.46758486878,2013.3943030365624,-5.285321651325714,Positive = erosion; negative = amplification,True,2020-05 minimum mean-demand day,3615.8109679541667,86779.4632309,65414.1,60614.100000000006,15492.458036600066,3956.7693465836755
2020-05-31,0.95,Combined-savings interaction,-5765.290772812965,-3864.269667798071,1901.0211050148937,,Signed: positive complementarity; negative substitution,True,2020-05 minimum mean-demand day,3615.8109679541667,86779.4632309,65414.1,60614.100000000006,15492.458036600066,3956.7693465836755
2020-06-01,0.95,Flexibility on original network,9073.03724796651,9615.704286678929,542.6670387124177,-5.981095678120818,Positive = erosion; negative = amplification,True,2020-06 minimum mean-demand day,3625.8937978416666,87021.4511482,44246.5,39446.5,549.1310951108978,160.92123599662983
2020-06-01,0.95,Flexibility on upgraded network,8200.449559241883,8679.35693207034,478.9073728284566,-5.840013640334263,Positive = erosion; negative = amplification,True,2020-06 minimum mean-demand day,3625.8937978416666,87021.4511482,44246.5,39446.5,549.1310951108978,160.92123599662983
2020-06-01,0.95,Reconductoring with inflexible load,1485.6431357924594,1630.15856714244,144.51543134998064,-9.727466029242237,Positive = erosion; negative = amplification,True,2020-06 minimum mean-demand day,3625.8937978416666,87021.4511482,44246.5,39446.5,549.1310951108978,160.92123599662983
2020-06-01,0.95,Reconductoring with flexible load,613.0554470678326,693.8112125338521,80.75576546601951,-13.172669103955316,Positive = erosion; negative = amplification,True,2020-06 minimum mean-demand day,3625.8937978416666,87021.4511482,44246.5,39446.5,549.1310951108978,160.92123599662983
2020-06-01,0.95,Combined intervention,9686.092695034342,10309.51549921278,623.4228041784372,-6.436267169919208,Positive = erosion; negative = amplification,True,2020-06 minimum mean-demand day,3625.8937978416666,87021.4511482,44246.5,39446.5,549.1310951108978,160.92123599662983
2020-06-01,0.95,Combined-savings interaction,-872.5876887247432,-936.347354608588,-63.75966588384472,,Signed: positive complementarity; negative substitution,True,2020-06 minimum mean-demand day,3625.8937978416666,87021.4511482,44246.5,39446.5,549.1310951108978,160.92123599662983
2020-06-07,0.95,Flexibility on original network,9380.454093658363,8708.711818099488,-671.7422755588777,7.16108483504021,Positive = erosion; negative = amplification,True,Day containing annual peak hourly congestion,5068.606201416666,121646.548834,55984.899999999994,51184.899999999994,99246.99234609082,17976.037646579785
2020-06-07,0.95,Flexibility on upgraded network,9592.77092601196,10109.325505860848,516.5545798488893,-5.38483180546081,Positive = erosion; negative = amplification,True,Day containing annual peak hourly congestion,5068.606201416666,121646.548834,55984.899999999994,51184.899999999994,99246.99234609082,17976.037646579785
2020-06-07,0.95,Reconductoring with inflexible load,16887.49487875565,16898.0398809358,10.54500218015164,-0.0624426669311173,Positive = erosion; negative = amplification,True,Day containing annual peak hourly congestion,5068.606201416666,121646.548834,55984.899999999994,51184.899999999994,99246.99234609082,17976.037646579785
2020-06-07,0.95,Reconductoring with flexible load,17099.811711109243,18298.65356869716,1198.8418575879186,-7.010848293780136,Positive = erosion; negative = amplification,True,Day containing annual peak hourly congestion,5068.606201416666,121646.548834,55984.899999999994,51184.899999999994,99246.99234609082,17976.037646579785
2020-06-07,0.95,Combined intervention,26480.26580476761,27007.36538679665,527.0995820290409,-1.9905373530432648,Positive = erosion; negative = amplification,True,Day containing annual peak hourly congestion,5068.606201416666,121646.548834,55984.899999999994,51184.899999999994,99246.99234609082,17976.037646579785
2020-06-07,0.95,Combined-savings interaction,212.31683235336095,1400.6136877615936,1188.296855408233,,Signed: positive complementarity; negative substitution,True,Day containing annual peak hourly congestion,5068.606201416666,121646.548834,55984.899999999994,51184.899999999994,99246.99234609082,17976.037646579785
2020-06-29,0.95,Flexibility on original network,864.2556332401,1328.1835807217285,463.9279474816285,-53.679482046574535,Positive = erosion; negative = amplification,True,2020-06 maximum mean-demand day,5476.075991625,131425.823799,26597.2,21797.199999999997,-1.025910023599863e-09,2.1827872842550278e-10
2020-06-29,0.95,Flexibility on upgraded network,864.2556332401,1328.1835812660863,463.92794802598655,-53.679482109560304,Positive = erosion; negative = amplification,True,2020-06 maximum mean-demand day,5476.075991625,131425.823799,26597.2,21797.199999999997,-1.025910023599863e-09,2.1827872842550278e-10
2020-06-29,0.95,Reconductoring with inflexible load,0.0,-1.657754182815552e-07,-1.657754182815552e-07,,Undefined: negligible/nonpositive DC benefit,True,2020-06 maximum mean-demand day,5476.075991625,131425.823799,26597.2,21797.199999999997,-1.025910023599863e-09,2.1827872842550278e-10
2020-06-29,0.95,Reconductoring with flexible load,0.0,3.78582626581192e-07,3.78582626581192e-07,,Undefined: negligible/nonpositive DC benefit,True,2020-06 maximum mean-demand day,5476.075991625,131425.823799,26597.2,21797.199999999997,-1.025910023599863e-09,2.1827872842550278e-10
2020-06-29,0.95,Combined intervention,864.2556332401,1328.1835811003111,463.92794786021113,-53.67948209037901,Positive = erosion; negative = amplification,True,2020-06 maximum mean-demand day,5476.075991625,131425.823799,26597.2,21797.199999999997,-1.025910023599863e-09,2.1827872842550278e-10
2020-06-29,0.95,Combined-savings interaction,-4.656612873077393e-10,5.443580448627472e-07,5.448237061500549e-07,,Signed: positive complementarity; negative substitution,True,2020-06 maximum mean-demand day,5476.075991625,131425.823799,26597.2,21797.199999999997,-1.025910023599863e-09,2.1827872842550278e-10
2020-07-07,0.95,Flexibility on original network,1454.6434906525535,1747.2060003075749,292.56250965502113,-20.112316972165974,Positive = erosion; negative = amplification,True,2020-07 minimum mean-demand day,4862.401383125,116697.633195,30050.1,25250.1,697.8505990987687,621.4793067922437
2020-07-07,0.95,Flexibility on upgraded network,1122.1062084161676,1439.12603821652,317.01982980035245,-28.25221243966025,Positive = erosion; negative = amplification,True,2020-07 minimum mean-demand day,4862.401383125,116697.633195,30050.1,25250.1,697.8505990987687,621.4793067922437
2020-07-07,0.95,Reconductoring with inflexible load,1682.1695081857033,1494.128022724064,-188.04148546163924,11.17850992700793,Positive = erosion; negative = amplification,True,2020-07 minimum mean-demand day,4862.401383125,116697.633195,30050.1,25250.1,697.8505990987687,621.4793067922437
2020-07-07,0.95,Reconductoring with flexible load,1349.6322259493172,1186.0480606330093,-163.58416531630792,12.120647549093944,Positive = erosion; negative = amplification,True,2020-07 minimum mean-demand day,4862.401383125,116697.633195,30050.1,25250.1,697.8505990987687,621.4793067922437
2020-07-07,0.95,Combined intervention,2804.275716601871,2933.254060940584,128.9783443387132,-4.599346047720476,Positive = erosion; negative = amplification,True,2020-07 minimum mean-demand day,4862.401383125,116697.633195,30050.1,25250.1,697.8505990987687,621.4793067922437
2020-07-07,0.95,Combined-savings interaction,-332.5372822363861,-308.0799620912876,24.457320145098493,,Signed: positive complementarity; negative substitution,True,2020-07 minimum mean-demand day,4862.401383125,116697.633195,30050.1,25250.1,697.8505990987687,621.4793067922437
2020-07-27,0.95,Flexibility on original network,3946.311025661416,4289.762733195443,343.45170753402635,-8.703107922834397,Positive = erosion; negative = amplification,True,2020-07 maximum mean-demand day; Annual maximum mean-demand day,6344.823822708334,152275.771745,32435.0,27635.0,17598.94722706607,6221.735867956901
2020-07-27,0.95,Flexibility on upgraded network,1716.6599622638896,2715.076872138772,998.4169098748824,-58.16043548648939,Positive = erosion; negative = amplification,True,2020-07 maximum mean-demand day; Annual maximum mean-demand day,6344.823822708334,152275.771745,32435.0,27635.0,17598.94722706607,6221.735867956901
2020-07-27,0.95,Reconductoring with inflexible load,21383.880919599906,20391.33766883798,-992.5432507619262,4.641548718372201,Positive = erosion; negative = amplification,True,2020-07 maximum mean-demand day; Annual maximum mean-demand day,6344.823822708334,152275.771745,32435.0,27635.0,17598.94722706607,6221.735867956901
2020-07-27,0.95,Reconductoring with flexible load,19154.22985620238,18816.65180778131,-337.57804842107,1.762420368531592,Positive = erosion; negative = amplification,True,2020-07 maximum mean-demand day; Annual maximum mean-demand day,6344.823822708334,152275.771745,32435.0,27635.0,17598.94722706607,6221.735867956901
2020-07-27,0.95,Combined intervention,23100.540881863795,23106.41454097675,5.873659112956375,-0.0254265003706732,Positive = erosion; negative = amplification,True,2020-07 maximum mean-demand day; Annual maximum mean-demand day,6344.823822708334,152275.771745,32435.0,27635.0,17598.94722706607,6221.735867956901
2020-07-27,0.95,Combined-savings interaction,-2229.6510633975267,-1574.6858610571362,654.9652023403905,,Signed: positive complementarity; negative substitution,True,2020-07 maximum mean-demand day; Annual maximum mean-demand day,6344.823822708334,152275.771745,32435.0,27635.0,17598.94722706607,6221.735867956901
2020-08-08,0.95,Flexibility on original network,1850.848617440788,2515.9808746953495,665.1322572545614,-35.936610427613225,Positive = erosion; negative = amplification,True,2020-08 minimum mean-demand day,5012.021155625,120288.50773499999,26376.100000000002,21576.1,256.5408680242326,254.62602028578112
2020-08-08,0.95,Flexibility on upgraded network,1146.9613018084783,1840.2081559780056,693.2468541695271,-60.44204395357069,Positive = erosion; negative = amplification,True,2020-08 minimum mean-demand day,5012.021155625,120288.50773499999,26376.100000000002,21576.1,256.5408680242326,254.62602028578112
2020-08-08,0.95,Reconductoring with inflexible load,1609.9194734117482,1441.0060915427748,-168.91338186897335,10.492039177028612,Positive = erosion; negative = amplification,True,2020-08 minimum mean-demand day,5012.021155625,120288.50773499999,26376.100000000002,21576.1,256.5408680242326,254.62602028578112
2020-08-08,0.95,Reconductoring with flexible load,906.0321577794384,765.2333728254307,-140.79878495400771,15.540153155169056,Positive = erosion; negative = amplification,True,2020-08 minimum mean-demand day,5012.021155625,120288.50773499999,26376.100000000002,21576.1,256.5408680242326,254.62602028578112
2020-08-08,0.95,Combined intervention,2756.8807752202265,3281.21424752078,524.3334723005537,-19.01908406824988,Positive = erosion; negative = amplification,True,2020-08 minimum mean-demand day,5012.021155625,120288.50773499999,26376.100000000002,21576.1,256.5408680242326,254.62602028578112
2020-08-08,0.95,Combined-savings interaction,-703.8873156323098,-675.7727187175769,28.11459691473283,,Signed: positive complementarity; negative substitution,True,2020-08 minimum mean-demand day,5012.021155625,120288.50773499999,26376.100000000002,21576.1,256.5408680242326,254.62602028578112
2020-08-26,0.95,Flexibility on original network,3026.561581773683,3976.032335058786,949.4707532851024,-31.37126827363861,Positive = erosion; negative = amplification,True,2020-08 maximum mean-demand day; Day containing annual peak hourly demand,6068.8088076250015,145651.41138300003,38658.59999999999,33858.600000000006,9540.172577036283,3864.166602904683
2020-08-26,0.95,Flexibility on upgraded network,1266.400794192683,2624.82717636507,1358.426382172387,-107.26670327448504,Positive = erosion; negative = amplification,True,2020-08 maximum mean-demand day; Day containing annual peak hourly demand,6068.8088076250015,145651.41138300003,38658.59999999999,33858.600000000006,9540.172577036283,3864.166602904683
2020-08-26,0.95,Reconductoring with inflexible load,13650.8947976646,13188.76760831289,-462.1271893517114,3.385325256706051,Positive = erosion; negative = amplification,True,2020-08 maximum mean-demand day; Day containing annual peak hourly demand,6068.8088076250015,145651.41138300003,38658.59999999999,33858.600000000006,9540.172577036283,3864.166602904683
2020-08-26,0.95,Reconductoring with flexible load,11890.7340100836,11837.562449619174,-53.171560464426875,0.4471680252820076,Positive = erosion; negative = amplification,True,2020-08 maximum mean-demand day; Day containing annual peak hourly demand,6068.8088076250015,145651.41138300003,38658.59999999999,33858.600000000006,9540.172577036283,3864.166602904683
2020-08-26,0.95,Combined intervention,14917.295591857284,15813.59478467796,896.2991928206757,-6.00845634050402,Positive = erosion; negative = amplification,True,2020-08 maximum mean-demand day; Day containing annual peak hourly demand,6068.8088076250015,145651.41138300003,38658.59999999999,33858.600000000006,9540.172577036283,3864.166602904683
2020-08-26,0.95,Combined-savings interaction,-1760.1607875805348,-1351.205158693716,408.9556288868189,,Signed: positive complementarity; negative substitution,True,2020-08 maximum mean-demand day; Day containing annual peak hourly demand,6068.8088076250015,145651.41138300003,38658.59999999999,33858.600000000006,9540.172577036283,3864.166602904683
2020-09-08,0.95,Flexibility on original network,1107.1409590994008,2637.8706046086736,1530.7296455092728,-138.2596888795839,Positive = erosion; negative = amplification,True,2020-09 maximum mean-demand day,5713.361080791667,137120.665939,27597.7,22797.7,1.0450310172018362,1.0450310169253498
2020-09-08,0.95,Flexibility on upgraded network,1107.1409590994008,2637.8706048037857,1530.729645704385,-138.25968889720696,Positive = erosion; negative = amplification,True,2020-09 maximum mean-demand day,5713.361080791667,137120.665939,27597.7,22797.7,1.0450310172018362,1.0450310169253498
2020-09-08,0.95,Reconductoring with inflexible load,0.0,-3.105960786342621e-07,-3.105960786342621e-07,,Undefined: negligible/nonpositive DC benefit,True,2020-09 maximum mean-demand day,5713.361080791667,137120.665939,27597.7,22797.7,1.0450310172018362,1.0450310169253498
2020-09-08,0.95,Reconductoring with flexible load,0.0,-1.1548399925231935e-07,-1.1548399925231935e-07,,Undefined: negligible/nonpositive DC benefit,True,2020-09 maximum mean-demand day,5713.361080791667,137120.665939,27597.7,22797.7,1.0450310172018362,1.0450310169253498
2020-09-08,0.95,Combined intervention,1107.1409590994008,2637.8706044931896,1530.7296453937888,-138.25968886915305,Positive = erosion; negative = amplification,True,2020-09 maximum mean-demand day,5713.361080791667,137120.665939,27597.7,22797.7,1.0450310172018362,1.0450310169253498
2020-09-08,0.95,Combined-savings interaction,4.656612873077393e-10,1.9511207938194278e-07,1.94646418094635e-07,,Signed: positive complementarity; negative substitution,True,2020-09 maximum mean-demand day,5713.361080791667,137120.665939,27597.7,22797.7,1.0450310172018362,1.0450310169253498
2020-09-26,0.95,Flexibility on original network,2218.6385268871672,2964.550042542862,745.9115156556945,-33.620236312322426,Positive = erosion; negative = amplification,True,2020-09 minimum mean-demand day,3837.296350575,92095.1124138,24322.9,19522.9,108.7720740924633,31.1230233975366
2020-09-26,0.95,Flexibility on upgraded network,2218.6385268871672,2964.550042585237,745.9115156980697,-33.620236314232386,Positive = erosion; negative = amplification,True,2020-09 minimum mean-demand day,3837.296350575,92095.1124138,24322.9,19522.9,108.7720740924633,31.1230233975366
2020-09-26,0.95,Reconductoring with inflexible load,0.0,8.78702849149704e-07,8.78702849149704e-07,,Undefined: negligible/nonpositive DC benefit,True,2020-09 minimum mean-demand day,3837.296350575,92095.1124138,24322.9,19522.9,108.7720740924633,31.1230233975366
2020-09-26,0.95,Reconductoring with flexible load,0.0,9.210780262947084e-07,9.210780262947084e-07,,Undefined: negligible/nonpositive DC benefit,True,2020-09 minimum mean-demand day,3837.296350575,92095.1124138,24322.9,19522.9,108.7720740924633,31.1230233975366
2020-09-26,0.95,Combined intervention,2218.6385268871672,2964.55004346394,745.9115165767726,-33.62023635383788,Positive = erosion; negative = amplification,True,2020-09 minimum mean-demand day,3837.296350575,92095.1124138,24322.9,19522.9,108.7720740924633,31.1230233975366
2020-09-26,0.95,Combined-savings interaction,0.0,4.21423465013504e-08,4.21423465013504e-08,,Signed: positive complementarity; negative substitution,True,2020-09 minimum mean-demand day,3837.296350575,92095.1124138,24322.9,19522.9,108.7720740924633,31.1230233975366
2020-10-01,0.95,Flexibility on original network,1251.757310217712,2001.655480801128,749.8981705834158,-59.90763261074861,Positive = erosion; negative = amplification,True,2020-10 maximum mean-demand day,4654.6928806666665,111712.629136,22540.9,17740.9,436.3918325593768,101.07426351850154
2020-10-01,0.95,Flexibility on upgraded network,1251.757310217712,2001.6554809201043,749.8981707023922,-59.90763262025336,Positive = erosion; negative = amplification,True,2020-10 maximum mean-demand day,4654.6928806666665,111712.629136,22540.9,17740.9,436.3918325593768,101.07426351850154
2020-10-01,0.95,Reconductoring with inflexible load,0.0,3.324821591377259e-07,3.324821591377259e-07,,Undefined: negligible/nonpositive DC benefit,True,2020-10 maximum mean-demand day,4654.6928806666665,111712.629136,22540.9,17740.9,436.3918325593768,101.07426351850154
2020-10-01,0.95,Reconductoring with flexible load,0.0,4.514586180448532e-07,4.514586180448532e-07,,Undefined: negligible/nonpositive DC benefit,True,2020-10 maximum mean-demand day,4654.6928806666665,111712.629136,22540.9,17740.9,436.3918325593768,101.07426351850154
2020-10-01,0.95,Combined intervention,1251.757310217712,2001.6554812525865,749.8981710348744,-59.907632646814605,Positive = erosion; negative = amplification,True,2020-10 maximum mean-demand day,4654.6928806666665,111712.629136,22540.9,17740.9,436.3918325593768,101.07426351850154
2020-10-01,0.95,Combined-savings interaction,0.0,1.189764589071274e-07,1.189764589071274e-07,,Signed: positive complementarity; negative substitution,True,2020-10 maximum mean-demand day,4654.6928806666665,111712.629136,22540.9,17740.9,436.3918325593768,101.07426351850154
2020-10-18,0.95,Flexibility on original network,17879.850526194437,16839.122618347465,-1040.7279078469728,5.8206745426774065,Positive = erosion; negative = amplification,True,2020-10 minimum mean-demand day,3433.303197129166,82399.27673109999,65522.59999999999,60722.600000000006,55246.85662016511,7311.537317021612
2020-10-18,0.95,Flexibility on upgraded network,15083.96770820854,14779.917868360062,-304.04983984847786,2.0157152662360622,Positive = erosion; negative = amplification,True,2020-10 minimum mean-demand day,3433.303197129166,82399.27673109999,65522.59999999999,60722.600000000006,55246.85662016511,7311.537317021612
2020-10-18,0.95,Reconductoring with inflexible load,55677.02439765344,54024.579247375834,-1652.4451502776064,2.9679121112428763,Positive = erosion; negative = amplification,True,2020-10 minimum mean-demand day,3433.303197129166,82399.27673109999,65522.59999999999,60722.600000000006,55246.85662016511,7311.537317021612
2020-10-18,0.95,Reconductoring with flexible load,52881.14157966754,51965.37449738843,-915.7670822791116,1.731746053362848,Positive = erosion; negative = amplification,True,2020-10 minimum mean-demand day,3433.303197129166,82399.27673109999,65522.59999999999,60722.600000000006,55246.85662016511,7311.537317021612
2020-10-18,0.95,Combined intervention,70760.99210586198,68804.4971157359,-1956.4949901260843,2.7649343683580185,Positive = erosion; negative = amplification,True,2020-10 minimum mean-demand day,3433.303197129166,82399.27673109999,65522.59999999999,60722.600000000006,55246.85662016511,7311.537317021612
2020-10-18,0.95,Combined-savings interaction,-2795.882817985839,-2059.2047499874607,736.6780679983785,,Signed: positive complementarity; negative substitution,True,2020-10 minimum mean-demand day,3433.303197129166,82399.27673109999,65522.59999999999,60722.600000000006,55246.85662016511,7311.537317021612
2020-11-10,0.95,Flexibility on original network,9947.331636884132,8889.700392703002,-1057.6312441811317,10.632311083904112,Positive = erosion; negative = amplification,True,2020-11 maximum mean-demand day,3992.5028299499995,95820.06791879999,74682.9,69882.9,92707.95691137356,8909.93028321653
2020-11-10,0.95,Flexibility on upgraded network,13259.990291921073,11217.02388515696,-2042.9664067641131,15.406997756316866,Positive = erosion; negative = amplification,True,2020-11 maximum mean-demand day,3992.5028299499995,95820.06791879999,74682.9,69882.9,92707.95691137356,8909.93028321653
2020-11-10,0.95,Reconductoring with inflexible load,79487.27145496418,81859.98276351142,2372.7113085472374,-2.985020450590725,Positive = erosion; negative = amplification,True,2020-11 maximum mean-demand day,3992.5028299499995,95820.06791879999,74682.9,69882.9,92707.95691137356,8909.93028321653
2020-11-10,0.95,Reconductoring with flexible load,82799.93011000112,84187.30625596538,1387.3761459642556,-1.675576469836515,Positive = erosion; negative = amplification,True,2020-11 maximum mean-demand day,3992.5028299499995,95820.06791879999,74682.9,69882.9,92707.95691137356,8909.93028321653
2020-11-10,0.95,Combined intervention,92747.26174688524,93077.00664866838,329.7449017831241,-0.3555306060496255,Positive = erosion; negative = amplification,True,2020-11 maximum mean-demand day,3992.5028299499995,95820.06791879999,74682.9,69882.9,92707.95691137356,8909.93028321653
2020-11-10,0.95,Combined-savings interaction,3312.6586550369393,2327.3234924539574,-985.335162582982,,Signed: positive complementarity; negative substitution,True,2020-11 maximum mean-demand day,3992.5028299499995,95820.06791879999,74682.9,69882.9,92707.95691137356,8909.93028321653
2020-11-26,0.95,Flexibility on original network,15300.704788094445,15070.085753278809,-230.61903481563783,1.5072445224554865,Positive = erosion; negative = amplification,True,2020-11 minimum mean-demand day,3366.9227906624997,80806.14697589999,76332.99999999999,71533.0,81973.84859538835,7806.6574598176285
2020-11-26,0.95,Flexibility on upgraded network,15242.788240444526,14540.41650750712,-702.3717329374049,4.607895365716386,Positive = erosion; negative = amplification,True,2020-11 minimum mean-demand day,3366.9227906624997,80806.14697589999,76332.99999999999,71533.0,81973.84859538835,7806.6574598176285
2020-11-26,0.95,Reconductoring with inflexible load,73795.10033450827,73346.50011023358,-448.6002242746909,0.6078997416376075,Positive = erosion; negative = amplification,True,2020-11 minimum mean-demand day,3366.9227906624997,80806.14697589999,76332.99999999999,71533.0,81973.84859538835,7806.6574598176285
2020-11-26,0.95,Reconductoring with flexible load,73737.18378685835,72816.8308644619,-920.352922396458,1.248153068954727,Positive = erosion; negative = amplification,True,2020-11 minimum mean-demand day,3366.9227906624997,80806.14697589999,76332.99999999999,71533.0,81973.84859538835,7806.6574598176285
2020-11-26,0.95,Combined intervention,89037.8885749528,87886.9166177407,-1150.9719572120955,1.29267660726613,Positive = erosion; negative = amplification,True,2020-11 minimum mean-demand day,3366.9227906624997,80806.14697589999,76332.99999999999,71533.0,81973.84859538835,7806.6574598176285
2020-11-26,0.95,Combined-savings interaction,-57.91654764994746,-529.6692457717145,-471.752698121767,,Signed: positive complementarity; negative substitution,True,2020-11 minimum mean-demand day,3366.9227906624997,80806.14697589999,76332.99999999999,71533.0,81973.84859538835,7806.6574598176285
2020-12-23,0.95,Flexibility on original network,1941.530556082027,2075.8052961016074,134.27474001958035,-6.915922059477864,Positive = erosion; negative = amplification,True,2020-12 maximum mean-demand day,4208.769030625,101010.45673499999,28769.2,23969.199999999997,1915.779920869536,593.1267941694095
2020-12-23,0.95,Flexibility on upgraded network,1941.530556082027,2075.8052963642403,134.27474028221332,-6.915922073004976,Positive = erosion; negative = amplification,True,2020-12 maximum mean-demand day,4208.769030625,101010.45673499999,28769.2,23969.199999999997,1915.779920869536,593.1267941694095
2020-12-23,0.95,Reconductoring with inflexible load,0.0,1.2493692338466644e-06,1.2493692338466644e-06,,Undefined: negligible/nonpositive DC benefit,True,2020-12 maximum mean-demand day,4208.769030625,101010.45673499999,28769.2,23969.199999999997,1915.779920869536,593.1267941694095
2020-12-23,0.95,Reconductoring with flexible load,0.0,1.5120021998882294e-06,1.5120021998882294e-06,,Undefined: negligible/nonpositive DC benefit,True,2020-12 maximum mean-demand day,4208.769030625,101010.45673499999,28769.2,23969.199999999997,1915.779920869536,593.1267941694095
2020-12-23,0.95,Combined intervention,1941.530556082027,2075.8052976136096,134.27474153158255,-6.915922137354702,Positive = erosion; negative = amplification,True,2020-12 maximum mean-demand day,4208.769030625,101010.45673499999,28769.2,23969.199999999997,1915.779920869536,593.1267941694095
2020-12-23,0.95,Combined-savings interaction,2.3283064365386963e-10,2.62632966041565e-07,2.624001353979111e-07,,Signed: positive complementarity; negative substitution,True,2020-12 maximum mean-demand day,4208.769030625,101010.45673499999,28769.2,23969.199999999997,1915.779920869536,593.1267941694095
2020-12-28,0.95,Flexibility on original network,12228.200818992802,12025.912983972928,-202.28783501987343,1.654273085748481,Positive = erosion; negative = amplification,True,2020-12 minimum mean-demand day,3503.9929708875,84095.8313013,49359.5,44559.5,56054.24749864393,9120.457637775475
2020-12-28,0.95,Flexibility on upgraded network,12422.398594550788,11807.115533403936,-615.2830611468526,4.95301335296674,Positive = erosion; negative = amplification,True,2020-12 minimum mean-demand day,3503.9929708875,84095.8313013,49359.5,44559.5,56054.24749864393,9120.457637775475
2020-12-28,0.95,Reconductoring with inflexible load,40176.73570749024,37943.64998918155,-2233.085718308692,5.558156179155127,Positive = erosion; negative = amplification,True,2020-12 minimum mean-demand day,3503.9929708875,84095.8313013,49359.5,44559.5,56054.24749864393,9120.457637775475
2020-12-28,0.95,Reconductoring with flexible load,40370.933483048226,37724.852538612555,-2646.080944435671,6.554421005763366,Positive = erosion; negative = amplification,True,2020-12 minimum mean-demand day,3503.9929708875,84095.8313013,49359.5,44559.5,56054.24749864393,9120.457637775475
2020-12-28,0.95,Combined intervention,52599.13430204103,49750.76552258548,-2848.3687794555444,5.415238895566798,Positive = erosion; negative = amplification,True,2020-12 minimum mean-demand day,3503.9929708875,84095.8313013,49359.5,44559.5,56054.24749864393,9120.457637775475
2020-12-28,0.95,Combined-savings interaction,194.19777555810288,-218.79745056899264,-412.9952261270955,,Signed: positive complementarity; negative substitution,True,2020-12 minimum mean-demand day,3503.9929708875,84095.8313013,49359.5,44559.5,56054.24749864393,9120.457637775475
