Day,Power factor,DC interaction $,AC interaction $,Interaction tolerance $,Reliable,DC classification,AC classification
2020-01-05,1.0,-1371.4653059417617,-850.8835126116173,0.2602010715080223,True,Substitution,Substitution
2020-01-14,1.0,-593.0983062160667,743.2327671676176,0.35232783593932526,True,Substitution,Complementarity
2020-01-29,1.0,-837.9021415431052,-722.7739271533792,0.1682237603410377,True,Substitution,Substitution
2020-02-14,1.0,259.6957166688517,-639.939811881166,0.3607936126372925,True,Complementarity,Substitution
2020-02-18,1.0,-1661.6226496160962,-1593.9625578041887,0.21858047603552197,True,Substitution,Substitution
2020-02-23,1.0,-46.20155909843743,-115.5971838888945,0.30909231347498045,True,Substitution,Substitution
2020-03-16,1.0,2.3283064365386963e-10,1.059379428625107e-07,0.46931139688627976,True,Near zero,Near zero
2020-03-29,1.0,-1844.0969657423557,-1227.8053843675298,0.20342676487242595,True,Substitution,Substitution
2020-04-05,1.0,0.0,-1.1292286217212677e-08,0.24633314124610503,True,Near zero,Near zero
2020-04-16,1.0,-3232.587629441987,-3353.753654368804,0.2865394259930236,True,Substitution,Substitution
2020-05-22,1.0,-1663.413700293051,-1878.7842012287583,0.5853928976126815,True,Substitution,Substitution
2020-05-31,1.0,-5765.290772812965,-3988.141567776911,0.1304500365769765,True,Substitution,Substitution
2020-06-01,1.0,-872.5876887247432,-980.7542083568404,0.27022677978502924,True,Substitution,Substitution
2020-06-07,1.0,212.31683235336095,1369.3667206631508,0.5149641560340771,True,Complementarity,Complementarity
2020-06-29,1.0,-4.656612873077393e-10,7.762573659420013e-07,0.8705769448634192,True,Near zero,Near zero
2020-07-07,1.0,-332.5372822363861,-318.5799579161685,0.656588219112293,True,Substitution,Substitution
2020-07-27,1.0,-2229.6510633975267,-1778.0747103230096,1.057544720872246,True,Substitution,Substitution
2020-08-08,1.0,-703.8873156323098,-684.5774443624541,0.7821334215407851,True,Substitution,Substitution
2020-08-26,1.0,-1760.1607875805348,-1514.3071611882187,0.9496000620676291,True,Substitution,Substitution
2020-09-08,1.0,4.656612873077393e-10,-7.138587534427643e-07,0.960509651502418,True,Near zero,Near zero
2020-09-26,1.0,0.0,-7.380731403827667e-08,0.514829508500877,True,Near zero,Near zero
2020-10-01,1.0,0.0,2.856831997632981e-07,0.7285218649054443,True,Near zero,Near zero
2020-10-18,1.0,-2795.882817985839,-2108.6765661271056,0.13529731423925384,True,Substitution,Substitution
2020-11-10,1.0,3312.6586550369393,2241.0598593500326,0.16942937144283932,True,Complementarity,Complementarity
2020-11-26,1.0,-57.91654764994746,-496.1538367534522,0.0977955885894442,True,Substitution,Substitution
2020-12-23,1.0,2.3283064365386963e-10,-7.35744833946228e-08,0.5934570174918944,True,Near zero,Near zero
2020-12-28,1.0,194.19777555810288,-190.3431628992548,0.2957329690901587,True,Complementarity,Substitution
2020-01-05,0.95,-1371.4653059417617,-913.75761201384,0.26008702001058615,True,Substitution,Substitution
2020-01-14,0.95,-593.0983062160667,703.3942524913,0.35220507287389297,True,Substitution,Complementarity
2020-01-29,0.95,-837.9021415431052,-804.2652038143715,0.16797452136693092,True,Substitution,Substitution
2020-02-14,0.95,259.6957166688517,-624.8876076937886,0.3605359561113151,True,Complementarity,Substitution
2020-02-18,0.95,-1661.6226496160962,-1559.5639495153446,0.2184967622775266,True,Substitution,Substitution
2020-02-23,0.95,-46.20155909843743,-120.81593333219644,0.3090830297087152,True,Substitution,Substitution
2020-03-16,0.95,2.3283064365386963e-10,1.9604340195655825e-07,0.4693416748520288,True,Near zero,Near zero
2020-03-29,0.95,-1844.0969657423557,-1264.7515365032014,0.20337159478487216,True,Substitution,Substitution
2020-04-05,0.95,0.0,9.301584213972093e-08,0.24632511550212804,True,Near zero,Near zero
2020-04-16,0.95,-3232.587629441987,-3280.679032730055,0.28641665184445486,True,Substitution,Substitution
2020-05-22,0.95,-1663.413700293051,-1835.38863718044,0.5853720411020875,True,Substitution,Substitution
2020-05-31,0.95,-5765.290772812965,-3864.269667798071,0.13030721626776307,True,Substitution,Substitution
2020-06-01,0.95,-872.5876887247432,-936.347354608588,0.2701951969900691,True,Substitution,Substitution
2020-06-07,0.95,212.31683235336095,1400.6136877615936,0.5149313106752582,True,Complementarity,Complementarity
2020-06-29,0.95,-4.656612873077393e-10,5.443580448627472e-07,0.8707031593264358,True,Near zero,Near zero
2020-07-07,0.95,-332.5372822363861,-308.0799620912876,0.6565992022963985,True,Substitution,Substitution
2020-07-27,0.95,-2229.6510633975267,-1574.6858610571362,1.0579272193041442,True,Substitution,Substitution
2020-08-08,0.95,-703.8873156323098,-675.7727187175769,0.7821547872603537,True,Substitution,Substitution
2020-08-26,0.95,-1760.1607875805348,-1351.205158693716,0.9500055093482289,True,Substitution,Substitution
2020-09-08,0.95,4.656612873077393e-10,1.9511207938194278e-07,0.9610218701956005,True,Near zero,Near zero
2020-09-26,0.95,0.0,4.21423465013504e-08,0.5148434299688145,True,Near zero,Near zero
2020-10-01,0.95,0.0,1.189764589071274e-07,0.7288333114095734,True,Near zero,Near zero
2020-10-18,0.95,-2795.882817985839,-2059.2047499874607,0.13509755143897723,True,Substitution,Substitution
2020-11-10,0.95,3312.6586550369393,2327.3234924539574,0.16917172150999177,True,Complementarity,Complementarity
2020-11-26,0.95,-57.91654764994746,-529.6692457717145,0.09754678821473989,True,Substitution,Substitution
2020-12-23,0.95,2.3283064365386963e-10,2.62632966041565e-07,0.5935081226528918,True,Near zero,Near zero
2020-12-28,0.95,194.19777555810288,-218.79745056899264,0.29560938759636246,True,Complementarity,Substitution
