Day,Selection Reason,Mean Demand MW,Daily Demand MWh,Daily model VRE availability MWh,Selection context VRE availability MWh,Daily Native Congestion Cost $,Maximum Hourly Congestion Cost $/h
2020-01-05,2020-01 minimum mean-demand day,3485.6776177166666,83656.2628252,57572.7,52772.7,61940.575784487286,7468.8501858457985
2020-01-14,2020-01 maximum mean-demand day,4059.9593147083337,97439.023553,62166.7,57366.7,66291.63847398394,7921.546031062513
2020-01-29,Annual maximum VRE-availability day,3814.837396704166,91556.09752089999,77950.0,73150.0,103652.25342555309,9370.145624042536
2020-02-14,Annual maximum daily-congestion-cost day,3813.932650620833,91534.3836149,51218.299999999996,46418.3,188781.30305950443,9285.59847358906
2020-02-18,2020-02 maximum mean-demand day,3910.6598511041666,93855.8364265,69249.0,64449.0,48173.050942518676,9052.379737573458
2020-02-23,2020-02 minimum mean-demand day,3373.2794298291665,80958.7063159,41703.0,36903.0,7712.634688170349,6485.949781971398
2020-03-16,2020-03 maximum mean-demand day,3844.5404870375,92268.9716889,32020.200000000004,27220.200000000004,343.93420324164435,112.43182370052091
2020-03-29,2020-03 minimum mean-demand day; Annual minimum mean-demand day,3265.3773705500003,78369.0568932,55167.100000000006,50367.100000000006,8207.351311872655,2483.9085326621844
2020-04-05,2020-04 minimum mean-demand day,3326.2146264000003,79829.1510336,36768.3,31968.299999999996,748.7153782867799,378.32318918385135
2020-04-16,2020-04 maximum mean-demand day,4129.824963170834,99115.79911610001,55851.59999999999,51051.6,43080.52206126436,5760.236218198697
2020-05-22,2020-05 maximum mean-demand day,4965.229746291666,119165.51391099999,42235.0,37435.0,3503.378835793752,2077.045782481742
2020-05-31,2020-05 minimum mean-demand day,3615.8109679541667,86779.4632309,65414.1,60614.100000000006,15492.458036600066,3956.7693465836755
2020-06-01,2020-06 minimum mean-demand day,3625.8937978416666,87021.4511482,44246.5,39446.5,549.1310951108978,160.92123599662983
2020-06-07,Day containing annual peak hourly congestion,5068.606201416666,121646.548834,55984.899999999994,51184.899999999994,99246.99234609082,17976.037646579785
2020-06-29,2020-06 maximum mean-demand day,5476.075991625,131425.823799,26597.2,21797.199999999997,-1.025910023599863e-09,2.1827872842550278e-10
2020-07-07,2020-07 minimum mean-demand day,4862.401383125,116697.633195,30050.1,25250.1,697.8505990987687,621.4793067922437
2020-07-27,2020-07 maximum mean-demand day; Annual maximum mean-demand day,6344.823822708334,152275.771745,32435.0,27635.0,17598.94722706607,6221.735867956901
2020-08-08,2020-08 minimum mean-demand day,5012.021155625,120288.50773499999,26376.100000000002,21576.1,256.5408680242326,254.62602028578112
2020-08-26,2020-08 maximum mean-demand day; Day containing annual peak hourly demand,6068.8088076250015,145651.41138300003,38658.59999999999,33858.600000000006,9540.172577036283,3864.166602904683
2020-09-08,2020-09 maximum mean-demand day,5713.361080791667,137120.665939,27597.7,22797.7,1.0450310172018362,1.0450310169253498
2020-09-26,2020-09 minimum mean-demand day,3837.296350575,92095.1124138,24322.9,19522.9,108.7720740924633,31.1230233975366
2020-10-01,2020-10 maximum mean-demand day,4654.6928806666665,111712.629136,22540.9,17740.9,436.3918325593768,101.07426351850154
2020-10-18,2020-10 minimum mean-demand day,3433.303197129166,82399.27673109999,65522.59999999999,60722.600000000006,55246.85662016511,7311.537317021612
2020-11-10,2020-11 maximum mean-demand day,3992.5028299499995,95820.06791879999,74682.9,69882.9,92707.95691137356,8909.93028321653
2020-11-26,2020-11 minimum mean-demand day,3366.9227906624997,80806.14697589999,76332.99999999999,71533.0,81973.84859538835,7806.6574598176285
2020-12-23,2020-12 maximum mean-demand day,4208.769030625,101010.45673499999,28769.2,23969.199999999997,1915.779920869536,593.1267941694095
2020-12-28,2020-12 minimum mean-demand day,3503.9929708875,84095.8313013,49359.5,44559.5,56054.24749864393,9120.457637775475
