Power factor,Effect,Completed days,Usable erosion days,Erosion days (>0.01%),Amplification days (<-0.01%),Near-zero days,Undefined DC-benefit days,AC-only benefit days,Withheld days,Minimum erosion %,Median erosion %,Maximum erosion %,Validated savings days,Validated sample DC savings $,Validated sample AC savings $,Sample aggregate erosion %
0.95,Combined intervention,27,27,10,17,0,0,0,0,-138.25968886915305,-4.599346047720476,8.375045414865944,27,924992.0305566377,910188.4894105373,1.6003966150056392
0.95,Flexibility on original network,27,27,12,15,0,0,0,0,-138.2596888795839,-5.981095678120818,10.632311083904112,27,206552.88652513636,210097.12613110367,-1.7158993348350027
0.95,Flexibility on upgraded network,27,27,9,18,0,0,0,0,-138.25968889720696,-6.915922073004976,15.406997756316866,27,184763.45297084065,192606.31588318528,-4.2448129141548385
0.95,Reconductoring with flexible load,27,20,15,5,0,7,0,0,-35.91392732674641,3.051852160122337,15.540153155169056,27,718439.1440315014,700091.3632794338,2.553839236697142
0.95,Reconductoring with inflexible load,27,20,15,5,0,7,0,0,-27.127628187508023,4.246138438475711,11.17850992700793,27,740228.5775857971,717582.173527352,3.059379865109324
1.0,Combined intervention,27,27,11,16,0,0,0,0,-95.90343601130672,-3.20948705702202,8.232673522510348,27,924992.0305566377,911567.5139613625,1.4513115953222466
1.0,Flexibility on original network,27,27,12,15,0,0,0,0,-140.64662147532908,-6.350403792179726,9.496173598448088,27,206552.88652513636,210347.24861455054,-1.8369930109654709
1.0,Flexibility on upgraded network,27,27,9,18,0,0,0,0,-95.90343604634256,-6.993277272398535,15.205250018676498,27,184763.45297084065,192257.79911301832,-4.056184284107545
1.0,Reconductoring with flexible load,27,20,15,5,0,7,0,0,-36.68513160004028,2.3243710161436724,13.178289912437137,27,718439.1440315014,701220.265346812,2.396706642133406
1.0,Reconductoring with inflexible load,27,20,14,6,0,7,0,0,-27.536747602893215,3.849805405900386,10.221903007539968,27,740228.5775857971,719309.7148483442,2.8260004235013736
